PID, User name, College Name, No. of events attended
INC25-0061, Darshan Bhandary, A J INSTITUTE OF ENGINEERING AND TECHNOLOGY, 0
INC25-0549, sam, A J INSTITUTE OF ENGINEERING AND TECHNOLOGY, 0
INC25-1000, Dhanya d shetty, A J INSTITUTE OF ENGINEERING AND TECHNOLOGY, 0
INC25-1070,  Greeshma , A J INSTITUTE OF ENGINEERING AND TECHNOLOGY, 0
INC25-1143, KARTHIK, A J INSTITUTE OF ENGINEERING AND TECHNOLOGY, 0
INC25-1218, K CHIRAG NACKATHAYA, A J INSTITUTE OF ENGINEERING AND TECHNOLOGY, 0
INC25-1454, Ashish, A J INSTITUTE OF ENGINEERING AND TECHNOLOGY, 0
INC25-1600, Bhoomika, A J INSTITUTE OF ENGINEERING AND TECHNOLOGY, 0
INC25-1746, Adarsh Hege, A J INSTITUTE OF ENGINEERING AND TECHNOLOGY, 4
INC25-1809, Gaurav Deep, A J INSTITUTE OF ENGINEERING AND TECHNOLOGY, 3
INC25-1813, Sanvi Bhandary, A J INSTITUTE OF ENGINEERING AND TECHNOLOGY, 0
INC25-1814, Nischal Shetty, A J INSTITUTE OF ENGINEERING AND TECHNOLOGY, 4
INC25-1996, melishaa, A J INSTITUTE OF ENGINEERING AND TECHNOLOGY, 0
INC25-2139, Likhith M Shetty , A J INSTITUTE OF ENGINEERING AND TECHNOLOGY, 0
INC25-2153, Prajwal Suvarna, A J INSTITUTE OF ENGINEERING AND TECHNOLOGY, 0
INC25-2222, Vaishali U, A J INSTITUTE OF ENGINEERING AND TECHNOLOGY, 0
INC25-2320, Shaurya N Shetty, A J INSTITUTE OF ENGINEERING AND TECHNOLOGY, 0
INC25-2479, Kin, A J INSTITUTE OF ENGINEERING AND TECHNOLOGY, 0
INC25-2827, SAMSKRUTHI K S, A J INSTITUTE OF ENGINEERING AND TECHNOLOGY, 0
INC25-3105, ATHMIK V salian, A J INSTITUTE OF ENGINEERING AND TECHNOLOGY, 0
INC25-3106, ATHMIK V SALIAN , A J INSTITUTE OF ENGINEERING AND TECHNOLOGY, 0
INC25-3136, Sherwin Martis, A J INSTITUTE OF ENGINEERING AND TECHNOLOGY, 0
INC25-3180, Isha Krishna, A J INSTITUTE OF ENGINEERING AND TECHNOLOGY, 0
INC25-3247, Shaurya N Shetty, A J INSTITUTE OF ENGINEERING AND TECHNOLOGY, 0
INC25-3302, Himanshu Hegde, A J INSTITUTE OF ENGINEERING AND TECHNOLOGY, 0
INC25-3370, Brijesh, A J INSTITUTE OF ENGINEERING AND TECHNOLOGY, 4
INC25-3376, Aayush shetty, A J INSTITUTE OF ENGINEERING AND TECHNOLOGY, 3
INC25-3417, Panchami, A J INSTITUTE OF ENGINEERING AND TECHNOLOGY, 3
INC25-3467, Chandana shetty, A J INSTITUTE OF ENGINEERING AND TECHNOLOGY, 3
INC25-3470, deesha, A J INSTITUTE OF ENGINEERING AND TECHNOLOGY, 3
INC25-3471, Gaurav T Sanil , A J INSTITUTE OF ENGINEERING AND TECHNOLOGY, 4
INC25-3481, Poojari Daiwik Ashok, A J INSTITUTE OF ENGINEERING AND TECHNOLOGY, 5
INC25-3507, Chirag U Shetty, A J INSTITUTE OF ENGINEERING AND TECHNOLOGY, 5
INC25-3512, Harthikspoonja, A J INSTITUTE OF ENGINEERING AND TECHNOLOGY, 5
INC25-3535, Akash , A J INSTITUTE OF ENGINEERING AND TECHNOLOGY, 4
INC25-3548, Neha, A J INSTITUTE OF ENGINEERING AND TECHNOLOGY, 0
INC25-3678, P A Keertana, A J INSTITUTE OF ENGINEERING AND TECHNOLOGY, 3
INC25-3728, don, A J INSTITUTE OF ENGINEERING AND TECHNOLOGY, 0
INC25-3778, Kushi Bhandary, A J INSTITUTE OF ENGINEERING AND TECHNOLOGY, 0
INC25-3793, Pranam, A J INSTITUTE OF ENGINEERING AND TECHNOLOGY, 0
INC25-3923, Sameeksha , A J INSTITUTE OF ENGINEERING AND TECHNOLOGY, 3
INC25-3975, Pahima R Uchil, A J INSTITUTE OF ENGINEERING AND TECHNOLOGY, 0
INC25-3978, Kaushal G Suvarna , A J INSTITUTE OF ENGINEERING AND TECHNOLOGY, 7
INC25-3988, Rachana , A J INSTITUTE OF ENGINEERING AND TECHNOLOGY, 4
INC25-4041, Rajesh Vinod Uchil , A J INSTITUTE OF ENGINEERING AND TECHNOLOGY, 0
INC25-4046, Rajesh Vinod Uchil , A J INSTITUTE OF ENGINEERING AND TECHNOLOGY, 3
INC25-4079, Vinyas , A J INSTITUTE OF ENGINEERING AND TECHNOLOGY, 3
INC25-4136, Suma, A J INSTITUTE OF ENGINEERING AND TECHNOLOGY, 0
INC25-4168, Sujan, A J INSTITUTE OF ENGINEERING AND TECHNOLOGY, 2
INC25-4184, Sthuthi Dolpady , A J INSTITUTE OF ENGINEERING AND TECHNOLOGY, 0
INC25-4290, Nishanth shetty B, A J INSTITUTE OF ENGINEERING AND TECHNOLOGY, 6
INC25-4345, Sagar Shetty, A J INSTITUTE OF ENGINEERING AND TECHNOLOGY, 5
INC25-4348, Sanjan t suvarna, A J INSTITUTE OF ENGINEERING AND TECHNOLOGY, 4
INC25-4352, Dhanush , A J INSTITUTE OF ENGINEERING AND TECHNOLOGY, 1
INC25-4376, Pavan Kumar, A J INSTITUTE OF ENGINEERING AND TECHNOLOGY, 4
INC25-4382, Moksha shetty, A J INSTITUTE OF ENGINEERING AND TECHNOLOGY, 2
INC25-4386, Rinith shetty, A J INSTITUTE OF ENGINEERING AND TECHNOLOGY, 2
INC25-4393, Raveena Peyush , A J INSTITUTE OF ENGINEERING AND TECHNOLOGY, 2
INC25-4454, Avani, A J INSTITUTE OF ENGINEERING AND TECHNOLOGY, 0
INC25-4455, Avani, A J INSTITUTE OF ENGINEERING AND TECHNOLOGY, 0
INC25-4559, Krathan Chonira, A J INSTITUTE OF ENGINEERING AND TECHNOLOGY, 0
INC25-4665, jeevitha shetty, A J INSTITUTE OF ENGINEERING AND TECHNOLOGY, 2
INC25-4707, Dhanyashree , A J INSTITUTE OF ENGINEERING AND TECHNOLOGY, 0
INC25-4721, Shivacharan Rai, A J INSTITUTE OF ENGINEERING AND TECHNOLOGY, 0
INC25-4744, Tanya M Shetty , A J INSTITUTE OF ENGINEERING AND TECHNOLOGY, 0
INC25-4745, Diya D Shetty, A J INSTITUTE OF ENGINEERING AND TECHNOLOGY, 0
INC25-4852, Aquila Stally , A J INSTITUTE OF ENGINEERING AND TECHNOLOGY, 0
INC25-4872, Bangera Sujal Ramesh , A J INSTITUTE OF ENGINEERING AND TECHNOLOGY, 5
INC25-4954, Thanushree, A J INSTITUTE OF ENGINEERING AND TECHNOLOGY, 0
INC25-4992, Likith Raj, A J INSTITUTE OF ENGINEERING AND TECHNOLOGY, 2
INC25-5076, Lavanya, A J INSTITUTE OF ENGINEERING AND TECHNOLOGY, 0
INC25-5092, Mohammed Irfan , A J INSTITUTE OF ENGINEERING AND TECHNOLOGY, 0
INC25-5112, Lavanya, A J INSTITUTE OF ENGINEERING AND TECHNOLOGY, 2
INC25-5130, Arpita Prakash  Naik, A J INSTITUTE OF ENGINEERING AND TECHNOLOGY, 5
INC25-5139, Nesar Shetty, A J INSTITUTE OF ENGINEERING AND TECHNOLOGY, 0
INC25-5173, Ananya Shetty, A J INSTITUTE OF ENGINEERING AND TECHNOLOGY, 2
INC25-5245, ada, A J INSTITUTE OF ENGINEERING AND TECHNOLOGY, 0
INC25-5283, Hithaishi MV, A J INSTITUTE OF ENGINEERING AND TECHNOLOGY, 3
INC25-5289, Nidhish S Shettigar , A J INSTITUTE OF ENGINEERING AND TECHNOLOGY, 2
INC25-5341, Nayana Poojary, A J INSTITUTE OF ENGINEERING AND TECHNOLOGY, 3
INC25-5386, Poojitha R Sanil, A J INSTITUTE OF ENGINEERING AND TECHNOLOGY, 0
INC25-5418, Aman Hasan, A J INSTITUTE OF ENGINEERING AND TECHNOLOGY, 3
INC25-5553, Nihal, A J INSTITUTE OF ENGINEERING AND TECHNOLOGY, 0
INC25-5706, Vidhi, A J INSTITUTE OF ENGINEERING AND TECHNOLOGY, 0
INC25-5712, Kushi P, A J INSTITUTE OF ENGINEERING AND TECHNOLOGY, 0
INC25-5717, ABHIRAM, A J INSTITUTE OF ENGINEERING AND TECHNOLOGY, 0
INC25-5750, Anamika Rao , A J INSTITUTE OF ENGINEERING AND TECHNOLOGY, 1
INC25-5778, Srujan , A J INSTITUTE OF ENGINEERING AND TECHNOLOGY, 7
INC25-5796, Karan N Bhandary , A J INSTITUTE OF ENGINEERING AND TECHNOLOGY, 1
INC25-5797, Shriram i, A J INSTITUTE OF ENGINEERING AND TECHNOLOGY, 3
INC25-5804, Ashish , A J INSTITUTE OF ENGINEERING AND TECHNOLOGY, 6
INC25-5813, Madhukar ks, A J INSTITUTE OF ENGINEERING AND TECHNOLOGY, 5
INC25-5820, Akash k r, A J INSTITUTE OF ENGINEERING AND TECHNOLOGY, 2
INC25-5843, Yashas kumar, A J INSTITUTE OF ENGINEERING AND TECHNOLOGY, 4
INC25-5985, Ashvika Rai, A J INSTITUTE OF ENGINEERING AND TECHNOLOGY, 0
INC25-5988, Pooja Shetty, A J INSTITUTE OF ENGINEERING AND TECHNOLOGY, 0
INC25-6020, Swasthik, A J INSTITUTE OF ENGINEERING AND TECHNOLOGY, 0
INC25-6144, Dhanya , A J INSTITUTE OF ENGINEERING AND TECHNOLOGY, 0
INC25-6147, Rishitha p salian, A J INSTITUTE OF ENGINEERING AND TECHNOLOGY, 0
INC25-6154, Pranam R , A J INSTITUTE OF ENGINEERING AND TECHNOLOGY, 0
INC25-6224, Sunpreeth, A J INSTITUTE OF ENGINEERING AND TECHNOLOGY, 0
INC25-6257, Mamatha, A J INSTITUTE OF ENGINEERING AND TECHNOLOGY, 0
INC25-6261, Mamatha, A J INSTITUTE OF ENGINEERING AND TECHNOLOGY, 0
INC25-6287, Lionel Deon , A J INSTITUTE OF ENGINEERING AND TECHNOLOGY, 0
INC25-6387, Kashish Shetty, A J INSTITUTE OF ENGINEERING AND TECHNOLOGY, 0
INC25-6416, Mohammad afwan, A J INSTITUTE OF ENGINEERING AND TECHNOLOGY, 0
INC25-6425, Kishan C Bhandary, A J INSTITUTE OF ENGINEERING AND TECHNOLOGY, 0
INC25-6432, Ankitha R Devadiga, A J INSTITUTE OF ENGINEERING AND TECHNOLOGY, 0
INC25-6443, Kishan C Bhanadary, A J INSTITUTE OF ENGINEERING AND TECHNOLOGY, 1
INC25-6448, VAISHALI U., A J INSTITUTE OF ENGINEERING AND TECHNOLOGY, 0
INC25-6450, Aryan shetty , A J INSTITUTE OF ENGINEERING AND TECHNOLOGY, 0
INC25-6468, Aryan shetty , A J INSTITUTE OF ENGINEERING AND TECHNOLOGY, 0
INC25-6485, Thejas , A J INSTITUTE OF ENGINEERING AND TECHNOLOGY, 0
INC25-6497, Nandan , A J INSTITUTE OF ENGINEERING AND TECHNOLOGY, 0
INC25-6564, Monith K, A J INSTITUTE OF ENGINEERING AND TECHNOLOGY, 0
INC25-6576, Parth, A J INSTITUTE OF ENGINEERING AND TECHNOLOGY, 0
INC25-6796, Jeevan, A J INSTITUTE OF ENGINEERING AND TECHNOLOGY, 0
INC25-7227, Varun, A J INSTITUTE OF ENGINEERING AND TECHNOLOGY, 0
INC25-7357, Prince soni, A J INSTITUTE OF ENGINEERING AND TECHNOLOGY, 0
INC25-7527, Risha jesika , A J INSTITUTE OF ENGINEERING AND TECHNOLOGY, 0
INC25-7535, Nishanth. S. Salian, A J INSTITUTE OF ENGINEERING AND TECHNOLOGY, 0
INC25-7540, Nishanth. S. Salian, A J INSTITUTE OF ENGINEERING AND TECHNOLOGY, 0
INC25-7542, Clen Rego, A J INSTITUTE OF ENGINEERING AND TECHNOLOGY, 0
INC25-7555, Dhruv, A J INSTITUTE OF ENGINEERING AND TECHNOLOGY, 0
INC25-7622, Prajna shivani, A J INSTITUTE OF ENGINEERING AND TECHNOLOGY, 0
INC25-7637, Rishitha, A J INSTITUTE OF ENGINEERING AND TECHNOLOGY, 0
INC25-7649, Joyline Melissa Miranda, A J INSTITUTE OF ENGINEERING AND TECHNOLOGY, 0
INC25-7690, Adith, A J INSTITUTE OF ENGINEERING AND TECHNOLOGY, 0
INC25-7691, srujan, A J INSTITUTE OF ENGINEERING AND TECHNOLOGY, 0
INC25-7747, padma, A J INSTITUTE OF ENGINEERING AND TECHNOLOGY, 0
INC25-7792, Madhav Kodoth, A J INSTITUTE OF ENGINEERING AND TECHNOLOGY, 0
INC25-7795, Rishikesh, A J INSTITUTE OF ENGINEERING AND TECHNOLOGY, 0
INC25-7863, Sparsha S Shriyan , A J INSTITUTE OF ENGINEERING AND TECHNOLOGY, 0
INC25-7866, Grahith, A J INSTITUTE OF ENGINEERING AND TECHNOLOGY, 0
INC25-7881, SLATER SHAWN RODRIGUES, A J INSTITUTE OF ENGINEERING AND TECHNOLOGY, 0
INC25-7949, Anurag Pai , A J INSTITUTE OF ENGINEERING AND TECHNOLOGY, 0
INC25-7996, Karthik v suvarna , A J INSTITUTE OF ENGINEERING AND TECHNOLOGY, 0
INC25-8027, Vaishnav , A J INSTITUTE OF ENGINEERING AND TECHNOLOGY, 0
INC25-8031, Shreyas kamth, A J INSTITUTE OF ENGINEERING AND TECHNOLOGY, 0
INC25-8032, Rashmi, A J INSTITUTE OF ENGINEERING AND TECHNOLOGY, 0
INC25-8033, Shramish R , A J INSTITUTE OF ENGINEERING AND TECHNOLOGY, 0
INC25-8035, Sharan, A J INSTITUTE OF ENGINEERING AND TECHNOLOGY, 0
INC25-8060, Anup Nayak , A J INSTITUTE OF ENGINEERING AND TECHNOLOGY, 0
INC25-8084, Adithya J Salian , A J INSTITUTE OF ENGINEERING AND TECHNOLOGY, 0
INC25-8089, Nidish, A J INSTITUTE OF ENGINEERING AND TECHNOLOGY, 0
INC25-8095, Adithya j salian , A J INSTITUTE OF ENGINEERING AND TECHNOLOGY, 0
INC25-8192, Sid, A J INSTITUTE OF ENGINEERING AND TECHNOLOGY, 0
