PID, User name, College Name, No. of events attended
INC25-0573, Neha, AB SHETTY MEMORIAL INSTITUTE OF DENTAL SCIENCES, 0
INC25-0902, Sneha , AB SHETTY MEMORIAL INSTITUTE OF DENTAL SCIENCES, 0
INC25-1223, Aditi, AB SHETTY MEMORIAL INSTITUTE OF DENTAL SCIENCES, 0
INC25-1224, Shruti Srivastava, AB SHETTY MEMORIAL INSTITUTE OF DENTAL SCIENCES, 0
INC25-1225, Viketsono Zetsuvi, AB SHETTY MEMORIAL INSTITUTE OF DENTAL SCIENCES, 0
INC25-1226, Eshaani HS, AB SHETTY MEMORIAL INSTITUTE OF DENTAL SCIENCES, 0
INC25-1227, Tejaswini, AB SHETTY MEMORIAL INSTITUTE OF DENTAL SCIENCES, 0
INC25-1229, Tejaswini, AB SHETTY MEMORIAL INSTITUTE OF DENTAL SCIENCES, 0
INC25-1233, Heli, AB SHETTY MEMORIAL INSTITUTE OF DENTAL SCIENCES, 0
INC25-1323, Sowjanya , AB SHETTY MEMORIAL INSTITUTE OF DENTAL SCIENCES, 0
INC25-1590, Rose Elizabeth Jose, AB SHETTY MEMORIAL INSTITUTE OF DENTAL SCIENCES, 0
INC25-1591, Rose Elizabeth Jose, AB SHETTY MEMORIAL INSTITUTE OF DENTAL SCIENCES, 0
INC25-1989, Ahana Apurva Priyadarshi, AB SHETTY MEMORIAL INSTITUTE OF DENTAL SCIENCES, 0
INC25-2295, Shravya, AB SHETTY MEMORIAL INSTITUTE OF DENTAL SCIENCES, 0
INC25-2395, Jhanvi, AB SHETTY MEMORIAL INSTITUTE OF DENTAL SCIENCES, 0
INC25-2906, Aarna sadotra, AB SHETTY MEMORIAL INSTITUTE OF DENTAL SCIENCES, 0
INC25-3127, Anuha, AB SHETTY MEMORIAL INSTITUTE OF DENTAL SCIENCES, 0
INC25-3421, Kiranjith , AB SHETTY MEMORIAL INSTITUTE OF DENTAL SCIENCES, 0
INC25-3875, asdf, AB SHETTY MEMORIAL INSTITUTE OF DENTAL SCIENCES, 0
INC25-4618, Vikas, AB SHETTY MEMORIAL INSTITUTE OF DENTAL SCIENCES, 0
INC25-4876, Stenitha , AB SHETTY MEMORIAL INSTITUTE OF DENTAL SCIENCES, 0
INC25-4879, Sharanya Kalpure , AB SHETTY MEMORIAL INSTITUTE OF DENTAL SCIENCES, 0
INC25-4880, Saadhvika Ganesh, AB SHETTY MEMORIAL INSTITUTE OF DENTAL SCIENCES, 0
INC25-4882, Riya Miranda, AB SHETTY MEMORIAL INSTITUTE OF DENTAL SCIENCES, 0
INC25-4884, Riya rai , AB SHETTY MEMORIAL INSTITUTE OF DENTAL SCIENCES, 0
INC25-4887, Nakshathra Manoj, AB SHETTY MEMORIAL INSTITUTE OF DENTAL SCIENCES, 0
INC25-4890, Bhavika Dungrakoti , AB SHETTY MEMORIAL INSTITUTE OF DENTAL SCIENCES, 0
INC25-4893, Rhea , AB SHETTY MEMORIAL INSTITUTE OF DENTAL SCIENCES, 0
INC25-4908, Jason Wu, AB SHETTY MEMORIAL INSTITUTE OF DENTAL SCIENCES, 0
INC25-4910, Spoorthi Hegde , AB SHETTY MEMORIAL INSTITUTE OF DENTAL SCIENCES, 0
INC25-4913, J Divyadharshini, AB SHETTY MEMORIAL INSTITUTE OF DENTAL SCIENCES, 0
INC25-4914, Kavery, AB SHETTY MEMORIAL INSTITUTE OF DENTAL SCIENCES, 0
INC25-4915, Prarthana S Hegde, AB SHETTY MEMORIAL INSTITUTE OF DENTAL SCIENCES, 0
INC25-4917, Muskan Agrawal, AB SHETTY MEMORIAL INSTITUTE OF DENTAL SCIENCES, 0
INC25-4923, Kritibrata Sur, AB SHETTY MEMORIAL INSTITUTE OF DENTAL SCIENCES, 0
INC25-4926, Asita, AB SHETTY MEMORIAL INSTITUTE OF DENTAL SCIENCES, 0
INC25-4941, Thrisha Hegde, AB SHETTY MEMORIAL INSTITUTE OF DENTAL SCIENCES, 0
INC25-4966, Vaishnavi , AB SHETTY MEMORIAL INSTITUTE OF DENTAL SCIENCES, 0
INC25-4967, Neha hennal, AB SHETTY MEMORIAL INSTITUTE OF DENTAL SCIENCES, 0
INC25-4971, Diya, AB SHETTY MEMORIAL INSTITUTE OF DENTAL SCIENCES, 0
INC25-4975, Laingoi Wangnaw, AB SHETTY MEMORIAL INSTITUTE OF DENTAL SCIENCES, 0
INC25-4978, Meril J Mathrw, AB SHETTY MEMORIAL INSTITUTE OF DENTAL SCIENCES, 0
INC25-4980, Keerthi, AB SHETTY MEMORIAL INSTITUTE OF DENTAL SCIENCES, 0
INC25-4987, Keerthi, AB SHETTY MEMORIAL INSTITUTE OF DENTAL SCIENCES, 0
INC25-4997, Linda, AB SHETTY MEMORIAL INSTITUTE OF DENTAL SCIENCES, 0
INC25-5014, Anamika Haridas, AB SHETTY MEMORIAL INSTITUTE OF DENTAL SCIENCES, 0
INC25-5031, Jui Dlima, AB SHETTY MEMORIAL INSTITUTE OF DENTAL SCIENCES, 0
INC25-5276, Adithi , AB SHETTY MEMORIAL INSTITUTE OF DENTAL SCIENCES, 0
INC25-5282, Krithi Shetty, AB SHETTY MEMORIAL INSTITUTE OF DENTAL SCIENCES, 0
INC25-5290, Adithi Shetty , AB SHETTY MEMORIAL INSTITUTE OF DENTAL SCIENCES, 0
INC25-5358, Vandana, AB SHETTY MEMORIAL INSTITUTE OF DENTAL SCIENCES, 0
INC25-5455, Kruthika K, AB SHETTY MEMORIAL INSTITUTE OF DENTAL SCIENCES, 0
INC25-5490, Styna Philomen Fernandes , AB SHETTY MEMORIAL INSTITUTE OF DENTAL SCIENCES, 0
INC25-5953, Shalini, AB SHETTY MEMORIAL INSTITUTE OF DENTAL SCIENCES, 0
INC25-5957, Shalini, AB SHETTY MEMORIAL INSTITUTE OF DENTAL SCIENCES, 0
INC25-5958, Shalini, AB SHETTY MEMORIAL INSTITUTE OF DENTAL SCIENCES, 0
INC25-6143, Varalakshmi, AB SHETTY MEMORIAL INSTITUTE OF DENTAL SCIENCES, 0
INC25-6150, Irene , AB SHETTY MEMORIAL INSTITUTE OF DENTAL SCIENCES, 0
INC25-6152, Kavya Gupta , AB SHETTY MEMORIAL INSTITUTE OF DENTAL SCIENCES, 0
INC25-6490, Likitha Shetty, AB SHETTY MEMORIAL INSTITUTE OF DENTAL SCIENCES, 0
INC25-6492, Bhuvana S, AB SHETTY MEMORIAL INSTITUTE OF DENTAL SCIENCES, 0
INC25-6574, Auraltina Prunella Rodrigues , AB SHETTY MEMORIAL INSTITUTE OF DENTAL SCIENCES, 0
INC25-6580, Sakshi Kishore Shetty , AB SHETTY MEMORIAL INSTITUTE OF DENTAL SCIENCES, 0
INC25-6584, Sakshi Kishore Shetty , AB SHETTY MEMORIAL INSTITUTE OF DENTAL SCIENCES, 0
INC25-7285, Ruchi Ramanujan , AB SHETTY MEMORIAL INSTITUTE OF DENTAL SCIENCES, 0
INC25-7304, Sujit kumar gorain, AB SHETTY MEMORIAL INSTITUTE OF DENTAL SCIENCES, 0
INC25-7384, Prajan Jain, AB SHETTY MEMORIAL INSTITUTE OF DENTAL SCIENCES, 0
INC25-7529, Tanisha Roy , AB SHETTY MEMORIAL INSTITUTE OF DENTAL SCIENCES, 0
INC25-7530, Simran, AB SHETTY MEMORIAL INSTITUTE OF DENTAL SCIENCES, 0
INC25-7581, Maithreye, AB SHETTY MEMORIAL INSTITUTE OF DENTAL SCIENCES, 0
INC25-7602, Chandassu, AB SHETTY MEMORIAL INSTITUTE OF DENTAL SCIENCES, 0
INC25-7607, Hrudhay K, AB SHETTY MEMORIAL INSTITUTE OF DENTAL SCIENCES, 0
INC25-7798, Sanath, AB SHETTY MEMORIAL INSTITUTE OF DENTAL SCIENCES, 0
INC25-7906, Sanath, AB SHETTY MEMORIAL INSTITUTE OF DENTAL SCIENCES, 0
INC25-8001, Arya Ranjith, AB SHETTY MEMORIAL INSTITUTE OF DENTAL SCIENCES, 0
INC25-8026, Pranamita Chakraborty , AB SHETTY MEMORIAL INSTITUTE OF DENTAL SCIENCES, 0
INC25-8199, Esha, AB SHETTY MEMORIAL INSTITUTE OF DENTAL SCIENCES, 0
