PID, User name, College Name, No. of events attended
INC25-1090, Poorvi shetty , ALVA'S INSTITUTE OF ENGINEERING AND TECHNOLOGY  MOODBIDRI, 0
INC25-1375, Vishal Poonacha K G, ALVA'S INSTITUTE OF ENGINEERING AND TECHNOLOGY  MOODBIDRI, 0
INC25-2902, Shraddha, ALVA'S INSTITUTE OF ENGINEERING AND TECHNOLOGY  MOODBIDRI, 0
INC25-3232, PRATHVEESH S ACHARYA , ALVA'S INSTITUTE OF ENGINEERING AND TECHNOLOGY  MOODBIDRI, 0
INC25-3551, Ayush Shetty, ALVA'S INSTITUTE OF ENGINEERING AND TECHNOLOGY  MOODBIDRI, 0
INC25-3554, Akshay Kumar, ALVA'S INSTITUTE OF ENGINEERING AND TECHNOLOGY  MOODBIDRI, 0
INC25-3556, Natasha N Bhandari, ALVA'S INSTITUTE OF ENGINEERING AND TECHNOLOGY  MOODBIDRI, 0
INC25-3557, Sannidhi Shetty, ALVA'S INSTITUTE OF ENGINEERING AND TECHNOLOGY  MOODBIDRI, 0
INC25-3558, Dhyan y, ALVA'S INSTITUTE OF ENGINEERING AND TECHNOLOGY  MOODBIDRI, 0
INC25-3563, Anmol, ALVA'S INSTITUTE OF ENGINEERING AND TECHNOLOGY  MOODBIDRI, 0
INC25-3567, Sampritha J Gowda, ALVA'S INSTITUTE OF ENGINEERING AND TECHNOLOGY  MOODBIDRI, 0
INC25-3623, Nishchal acharya , ALVA'S INSTITUTE OF ENGINEERING AND TECHNOLOGY  MOODBIDRI, 0
INC25-3839, Abhay Rai, ALVA'S INSTITUTE OF ENGINEERING AND TECHNOLOGY  MOODBIDRI, 0
INC25-4208, Likith, ALVA'S INSTITUTE OF ENGINEERING AND TECHNOLOGY  MOODBIDRI, 0
INC25-4789, gautham, ALVA'S INSTITUTE OF ENGINEERING AND TECHNOLOGY  MOODBIDRI, 0
INC25-4795, crusher, ALVA'S INSTITUTE OF ENGINEERING AND TECHNOLOGY  MOODBIDRI, 0
INC25-4808, Vishnu, ALVA'S INSTITUTE OF ENGINEERING AND TECHNOLOGY  MOODBIDRI, 0
INC25-4817, Sharanya D N, ALVA'S INSTITUTE OF ENGINEERING AND TECHNOLOGY  MOODBIDRI, 0
INC25-4863, Bhavith , ALVA'S INSTITUTE OF ENGINEERING AND TECHNOLOGY  MOODBIDRI, 0
INC25-4995, Srijan U Salian , ALVA'S INSTITUTE OF ENGINEERING AND TECHNOLOGY  MOODBIDRI, 0
INC25-5438, Tejas, ALVA'S INSTITUTE OF ENGINEERING AND TECHNOLOGY  MOODBIDRI, 0
INC25-5485, Azeez, ALVA'S INSTITUTE OF ENGINEERING AND TECHNOLOGY  MOODBIDRI, 0
INC25-5633, Dhathri , ALVA'S INSTITUTE OF ENGINEERING AND TECHNOLOGY  MOODBIDRI, 0
INC25-5753, Jashwith Kulal, ALVA'S INSTITUTE OF ENGINEERING AND TECHNOLOGY  MOODBIDRI, 0
INC25-5789, Anwesh R shetty, ALVA'S INSTITUTE OF ENGINEERING AND TECHNOLOGY  MOODBIDRI, 0
INC25-5795, Anwesh, ALVA'S INSTITUTE OF ENGINEERING AND TECHNOLOGY  MOODBIDRI, 0
INC25-5923, Shashank poojary, ALVA'S INSTITUTE OF ENGINEERING AND TECHNOLOGY  MOODBIDRI, 0
INC25-5951, Vaibhav Prabhu, ALVA'S INSTITUTE OF ENGINEERING AND TECHNOLOGY  MOODBIDRI, 0
INC25-6374, Aditi A Bilgi, ALVA'S INSTITUTE OF ENGINEERING AND TECHNOLOGY  MOODBIDRI, 0
INC25-6472, Keerthesh, ALVA'S INSTITUTE OF ENGINEERING AND TECHNOLOGY  MOODBIDRI, 0
INC25-6507, Sweedal Castelino , ALVA'S INSTITUTE OF ENGINEERING AND TECHNOLOGY  MOODBIDRI, 0
INC25-6509, Suzanne, ALVA'S INSTITUTE OF ENGINEERING AND TECHNOLOGY  MOODBIDRI, 0
INC25-7057, Alok, ALVA'S INSTITUTE OF ENGINEERING AND TECHNOLOGY  MOODBIDRI, 0
INC25-7125, Swathi shetty, ALVA'S INSTITUTE OF ENGINEERING AND TECHNOLOGY  MOODBIDRI, 0
INC25-7359, Aditya, ALVA'S INSTITUTE OF ENGINEERING AND TECHNOLOGY  MOODBIDRI, 0
INC25-7417, Vinol, ALVA'S INSTITUTE OF ENGINEERING AND TECHNOLOGY  MOODBIDRI, 0
INC25-7705, Shika Shetty , ALVA'S INSTITUTE OF ENGINEERING AND TECHNOLOGY  MOODBIDRI, 0
INC25-7722, kanishkashettt, ALVA'S INSTITUTE OF ENGINEERING AND TECHNOLOGY  MOODBIDRI, 0
INC25-7725, kanishkashettt, ALVA'S INSTITUTE OF ENGINEERING AND TECHNOLOGY  MOODBIDRI, 0
INC25-7727, kanishka shetty, ALVA'S INSTITUTE OF ENGINEERING AND TECHNOLOGY  MOODBIDRI, 0
INC25-7852, Nikhith naik, ALVA'S INSTITUTE OF ENGINEERING AND TECHNOLOGY  MOODBIDRI, 0
INC25-8099, Vinyas kulal, ALVA'S INSTITUTE OF ENGINEERING AND TECHNOLOGY  MOODBIDRI, 0
INC25-8103, Nidish, ALVA'S INSTITUTE OF ENGINEERING AND TECHNOLOGY  MOODBIDRI, 0
INC25-8165, Indu, ALVA'S INSTITUTE OF ENGINEERING AND TECHNOLOGY  MOODBIDRI, 0
INC25-8169, Aryan Rao, ALVA'S INSTITUTE OF ENGINEERING AND TECHNOLOGY  MOODBIDRI, 0
