PID, User name, College Name, No. of events attended
INC25-1676, Mohan Kumar H.T , BANGALORE INSTITUTE OF TECHNOLOGY, 1
INC25-3173, Likhitha B C, BANGALORE INSTITUTE OF TECHNOLOGY, 1
INC25-3601, Karthik B V , BANGALORE INSTITUTE OF TECHNOLOGY, 1
INC25-3603, Hemanth R , BANGALORE INSTITUTE OF TECHNOLOGY, 1
INC25-3614, Prathvi Raj, BANGALORE INSTITUTE OF TECHNOLOGY, 1
INC25-3657, Vachana A, BANGALORE INSTITUTE OF TECHNOLOGY, 0
INC25-3690, Vaishnavi , BANGALORE INSTITUTE OF TECHNOLOGY, 1
INC25-3886, Thrupthi Bhat, BANGALORE INSTITUTE OF TECHNOLOGY, 0
INC25-5700, Nandini, BANGALORE INSTITUTE OF TECHNOLOGY, 1
INC25-5836, Hemanth, BANGALORE INSTITUTE OF TECHNOLOGY, 0
INC25-6883, Nandini Hiremath, BANGALORE INSTITUTE OF TECHNOLOGY, 0
