PID, User name, College Name, No. of events attended
INC25-4623, Sumith Bhat, BMS COLLEGE OF ENGINEERING  BANGALORE, 0
INC25-6504, Vinod, BMS COLLEGE OF ENGINEERING  BANGALORE, 0
INC25-6795, Prerana Acharya, BMS COLLEGE OF ENGINEERING  BANGALORE, 0
INC25-7017, S V Varun reddy , BMS COLLEGE OF ENGINEERING  BANGALORE, 0
INC25-8088, Geetesh, BMS COLLEGE OF ENGINEERING  BANGALORE, 0
INC25-8093, Manyashree P, BMS COLLEGE OF ENGINEERING  BANGALORE, 0
INC25-8106, Srajan, BMS COLLEGE OF ENGINEERING  BANGALORE, 0
INC25-8114, Pranam P A, BMS COLLEGE OF ENGINEERING  BANGALORE, 0
