PID, User name, College Name, No. of events attended
INC25-0048, Krishna, CANARA COLLEGE OF ENGINEERING, 0
INC25-0050, Praharsh T, CANARA COLLEGE OF ENGINEERING, 0
INC25-0051, Khushi, CANARA COLLEGE OF ENGINEERING, 0
INC25-0057, Sathwik PL, CANARA COLLEGE OF ENGINEERING, 0
INC25-0076, Sanjay Kamath, CANARA COLLEGE OF ENGINEERING, 0
INC25-0392, Yashas h gatty, CANARA COLLEGE OF ENGINEERING, 0
INC25-0707, Poojitha B U, CANARA COLLEGE OF ENGINEERING, 0
INC25-0925, Akarsh Rai B, CANARA COLLEGE OF ENGINEERING, 0
INC25-0944, Denzil Serrao, CANARA COLLEGE OF ENGINEERING, 0
INC25-1063, Preetham, CANARA COLLEGE OF ENGINEERING, 0
INC25-1097, Prajan b, CANARA COLLEGE OF ENGINEERING, 0
INC25-1131, Kiran , CANARA COLLEGE OF ENGINEERING, 0
INC25-1222, Ganesh , CANARA COLLEGE OF ENGINEERING, 0
INC25-1253, Sri Vathsa, CANARA COLLEGE OF ENGINEERING, 0
INC25-1254, Chirag Manohar rai, CANARA COLLEGE OF ENGINEERING, 0
INC25-1255, Chirayu , CANARA COLLEGE OF ENGINEERING, 0
INC25-1256, Chirag Manohar rai, CANARA COLLEGE OF ENGINEERING, 0
INC25-1257, Chirag Manohar rai, CANARA COLLEGE OF ENGINEERING, 0
INC25-1291, Adarsh SK, CANARA COLLEGE OF ENGINEERING, 0
INC25-1307, Pratham R Kamath, CANARA COLLEGE OF ENGINEERING, 0
INC25-1310, M Rahul Bhat, CANARA COLLEGE OF ENGINEERING, 0
INC25-1311, Twisha, CANARA COLLEGE OF ENGINEERING, 0
INC25-1341, Pragati , CANARA COLLEGE OF ENGINEERING, 0
INC25-1351, Khushi, CANARA COLLEGE OF ENGINEERING, 1
INC25-1613, Ranjitha, CANARA COLLEGE OF ENGINEERING, 0
INC25-1778, Rani Ramanath Kini, CANARA COLLEGE OF ENGINEERING, 0
INC25-1779, Manvitha Rao, CANARA COLLEGE OF ENGINEERING, 0
INC25-1859, Nehal G Kottary, CANARA COLLEGE OF ENGINEERING, 0
INC25-2037, Kaushik H S, CANARA COLLEGE OF ENGINEERING, 0
INC25-2226, sudeeksha shetty, CANARA COLLEGE OF ENGINEERING, 0
INC25-2771, Dhanya, CANARA COLLEGE OF ENGINEERING, 0
INC25-2788, Khushi, CANARA COLLEGE OF ENGINEERING, 0
INC25-2866, Gagandeep, CANARA COLLEGE OF ENGINEERING, 0
INC25-3025, Bhavith Rai M P, CANARA COLLEGE OF ENGINEERING, 0
INC25-3115, M sooraj Shenoy , CANARA COLLEGE OF ENGINEERING, 0
INC25-3150, Shriraj, CANARA COLLEGE OF ENGINEERING, 0
INC25-3222, M G  Dhanush, CANARA COLLEGE OF ENGINEERING, 1
INC25-3233, Akshay Krishna, CANARA COLLEGE OF ENGINEERING, 1
INC25-3327, Vikas N Vaidya, CANARA COLLEGE OF ENGINEERING, 0
INC25-3360, Prapthi, CANARA COLLEGE OF ENGINEERING, 0
INC25-3474, Akriti S Shetty , CANARA COLLEGE OF ENGINEERING, 1
INC25-3475, Anora Andrea Dsouza , CANARA COLLEGE OF ENGINEERING, 1
INC25-3476, Anusha ullas mahekar , CANARA COLLEGE OF ENGINEERING, 1
INC25-3479, Bhavish s, CANARA COLLEGE OF ENGINEERING, 1
INC25-3487, Sreya nayuktha , CANARA COLLEGE OF ENGINEERING, 1
INC25-3499, K Mayur M Prabhu, CANARA COLLEGE OF ENGINEERING, 1
INC25-3526, Nithin Kumar , CANARA COLLEGE OF ENGINEERING, 1
INC25-3720, Chinmay, CANARA COLLEGE OF ENGINEERING, 0
INC25-3750, Vaishak , CANARA COLLEGE OF ENGINEERING, 1
INC25-3913, Tushar Shetty , CANARA COLLEGE OF ENGINEERING, 0
INC25-3915, Swasthik S Adyanthaya, CANARA COLLEGE OF ENGINEERING, 0
INC25-3928, K Rajeev Rao, CANARA COLLEGE OF ENGINEERING, 1
INC25-4337, Kaushik, CANARA COLLEGE OF ENGINEERING, 1
INC25-4846, Shashank, CANARA COLLEGE OF ENGINEERING, 0
INC25-4881, K adithya bhaktha, CANARA COLLEGE OF ENGINEERING, 0
INC25-5144, Abhishek Nayak, CANARA COLLEGE OF ENGINEERING, 1
INC25-5600, Bhumika rao, CANARA COLLEGE OF ENGINEERING, 0
INC25-6000, Kirthi Pratham Shetty , CANARA COLLEGE OF ENGINEERING, 0
INC25-6172, Mohammed Hashim Ali, CANARA COLLEGE OF ENGINEERING, 0
INC25-6229, Vaishnavi, CANARA COLLEGE OF ENGINEERING, 0
INC25-6234, Divith Shetty, CANARA COLLEGE OF ENGINEERING, 0
INC25-6238, Adithya Nayak, CANARA COLLEGE OF ENGINEERING, 1
INC25-6258, sahil p amin, CANARA COLLEGE OF ENGINEERING, 0
INC25-6302, megha s rao, CANARA COLLEGE OF ENGINEERING, 0
INC25-6324, MANISH, CANARA COLLEGE OF ENGINEERING, 0
INC25-6415, Sharan , CANARA COLLEGE OF ENGINEERING, 0
INC25-6417, Sharan, CANARA COLLEGE OF ENGINEERING, 0
INC25-6582, Adithya K R, CANARA COLLEGE OF ENGINEERING, 0
INC25-6685, Nishal , CANARA COLLEGE OF ENGINEERING, 1
INC25-6863, Prathamesh nayak, CANARA COLLEGE OF ENGINEERING, 0
INC25-7013, Prajna Nayak , CANARA COLLEGE OF ENGINEERING, 0
INC25-7046, Samartha m, CANARA COLLEGE OF ENGINEERING, 0
INC25-7062, Samartha , CANARA COLLEGE OF ENGINEERING, 0
INC25-7069, Puneeth S, CANARA COLLEGE OF ENGINEERING, 0
INC25-7138, Rakshitha s, CANARA COLLEGE OF ENGINEERING, 0
INC25-7331, Ayush, CANARA COLLEGE OF ENGINEERING, 0
INC25-7343, Shrajan, CANARA COLLEGE OF ENGINEERING, 0
INC25-7364, Likhith k, CANARA COLLEGE OF ENGINEERING, 0
INC25-7382, Sushmitha , CANARA COLLEGE OF ENGINEERING, 0
INC25-7520, Durga , CANARA COLLEGE OF ENGINEERING, 0
INC25-7548, Prakruti Nayak , CANARA COLLEGE OF ENGINEERING, 0
INC25-7549, Ananya Bhat, CANARA COLLEGE OF ENGINEERING, 0
INC25-7701, Karthik kumar, CANARA COLLEGE OF ENGINEERING, 0
INC25-7832, Payal, CANARA COLLEGE OF ENGINEERING, 0
INC25-7895, Gagandeep BS, CANARA COLLEGE OF ENGINEERING, 0
INC25-7899, Gagandeep BS, CANARA COLLEGE OF ENGINEERING, 0
INC25-7989, Shashank kalal, CANARA COLLEGE OF ENGINEERING, 0
INC25-8121, Akhilesh Bangera, CANARA COLLEGE OF ENGINEERING, 0
INC25-8149, Sinchana shetty, CANARA COLLEGE OF ENGINEERING, 0
INC25-8151, Sinchana r Shetty , CANARA COLLEGE OF ENGINEERING, 0
