PID, User name, College Name, No. of events attended
INC25-0227, Shramith B Shetty , Dr. NSAM FIRST GRADE COLLEGE  NITTE  KARKALA, 0
INC25-0228, Shramith B Shetty , Dr. NSAM FIRST GRADE COLLEGE  NITTE  KARKALA, 0
INC25-0237, Prathiksha Surya Kumar, Dr. NSAM FIRST GRADE COLLEGE  NITTE  KARKALA, 2
INC25-0274, Tharun Suresh , Dr. NSAM FIRST GRADE COLLEGE  NITTE  KARKALA, 1
INC25-0434, Shawn Salins, Dr. NSAM FIRST GRADE COLLEGE  NITTE  KARKALA, 0
INC25-0463, Ronith Tharun Joshi, Dr. NSAM FIRST GRADE COLLEGE  NITTE  KARKALA, 3
INC25-0502, nikith castelino, Dr. NSAM FIRST GRADE COLLEGE  NITTE  KARKALA, 0
INC25-0509, SAFFAN , Dr. NSAM FIRST GRADE COLLEGE  NITTE  KARKALA, 0
INC25-0520, Kriti arun shetty, Dr. NSAM FIRST GRADE COLLEGE  NITTE  KARKALA, 0
INC25-0535, Shivani hebbar, Dr. NSAM FIRST GRADE COLLEGE  NITTE  KARKALA, 0
INC25-0604, Mokshith s, Dr. NSAM FIRST GRADE COLLEGE  NITTE  KARKALA, 1
INC25-0661, Rakshitha , Dr. NSAM FIRST GRADE COLLEGE  NITTE  KARKALA, 0
INC25-0668, Lavisha Rego, Dr. NSAM FIRST GRADE COLLEGE  NITTE  KARKALA, 0
INC25-0776, Shahaz, Dr. NSAM FIRST GRADE COLLEGE  NITTE  KARKALA, 0
INC25-0785, Priya, Dr. NSAM FIRST GRADE COLLEGE  NITTE  KARKALA, 0
INC25-0917, Smrithi K Arya , Dr. NSAM FIRST GRADE COLLEGE  NITTE  KARKALA, 0
INC25-0922, Aaron Robert Pereira , Dr. NSAM FIRST GRADE COLLEGE  NITTE  KARKALA, 1
INC25-0957, Chandramauli, Dr. NSAM FIRST GRADE COLLEGE  NITTE  KARKALA, 0
INC25-0986, Neha Fernandes, Dr. NSAM FIRST GRADE COLLEGE  NITTE  KARKALA, 0
INC25-0987, Hanson Santhmayor, Dr. NSAM FIRST GRADE COLLEGE  NITTE  KARKALA, 0
INC25-1029, Chithswa , Dr. NSAM FIRST GRADE COLLEGE  NITTE  KARKALA, 0
INC25-1080, Aryan Shukla, Dr. NSAM FIRST GRADE COLLEGE  NITTE  KARKALA, 0
INC25-1128, Kashvi , Dr. NSAM FIRST GRADE COLLEGE  NITTE  KARKALA, 0
INC25-1132, sania bangera, Dr. NSAM FIRST GRADE COLLEGE  NITTE  KARKALA, 0
INC25-1138, Samyak P Jain, Dr. NSAM FIRST GRADE COLLEGE  NITTE  KARKALA, 0
INC25-1139, Shreesh shetty , Dr. NSAM FIRST GRADE COLLEGE  NITTE  KARKALA, 0
INC25-1142, Vaanchith s Shetty , Dr. NSAM FIRST GRADE COLLEGE  NITTE  KARKALA, 0
INC25-1154, Sakshi shetty, Dr. NSAM FIRST GRADE COLLEGE  NITTE  KARKALA, 0
INC25-1235, Mohammed Tazim Hussain , Dr. NSAM FIRST GRADE COLLEGE  NITTE  KARKALA, 0
INC25-1238, Junaid , Dr. NSAM FIRST GRADE COLLEGE  NITTE  KARKALA, 0
INC25-1252, Viketh shetty , Dr. NSAM FIRST GRADE COLLEGE  NITTE  KARKALA, 0
INC25-1287, Asthik chand ballal, Dr. NSAM FIRST GRADE COLLEGE  NITTE  KARKALA, 0
INC25-1313, Revanth r, Dr. NSAM FIRST GRADE COLLEGE  NITTE  KARKALA, 0
INC25-1318, Parnika BS, Dr. NSAM FIRST GRADE COLLEGE  NITTE  KARKALA, 0
INC25-1319, Sharan P Shetty, Dr. NSAM FIRST GRADE COLLEGE  NITTE  KARKALA, 0
INC25-1338, Pavithra Kamath, Dr. NSAM FIRST GRADE COLLEGE  NITTE  KARKALA, 0
INC25-1353, Swasthik, Dr. NSAM FIRST GRADE COLLEGE  NITTE  KARKALA, 0
INC25-1385, Aromal, Dr. NSAM FIRST GRADE COLLEGE  NITTE  KARKALA, 0
INC25-1386, Aromal, Dr. NSAM FIRST GRADE COLLEGE  NITTE  KARKALA, 0
INC25-1399, Abhay, Dr. NSAM FIRST GRADE COLLEGE  NITTE  KARKALA, 0
INC25-1418, Thushar Shetty , Dr. NSAM FIRST GRADE COLLEGE  NITTE  KARKALA, 0
INC25-1426, Nishith s shetty, Dr. NSAM FIRST GRADE COLLEGE  NITTE  KARKALA, 1
INC25-1430, Thanushree, Dr. NSAM FIRST GRADE COLLEGE  NITTE  KARKALA, 0
INC25-1447, Ruben , Dr. NSAM FIRST GRADE COLLEGE  NITTE  KARKALA, 0
INC25-1455, Shamanth , Dr. NSAM FIRST GRADE COLLEGE  NITTE  KARKALA, 0
INC25-1469, likith Shetty, Dr. NSAM FIRST GRADE COLLEGE  NITTE  KARKALA, 0
INC25-1475, Monis, Dr. NSAM FIRST GRADE COLLEGE  NITTE  KARKALA, 0
INC25-1492, Jonathan, Dr. NSAM FIRST GRADE COLLEGE  NITTE  KARKALA, 0
INC25-1493, Joshua Castelino, Dr. NSAM FIRST GRADE COLLEGE  NITTE  KARKALA, 0
INC25-1495, Sakshi, Dr. NSAM FIRST GRADE COLLEGE  NITTE  KARKALA, 0
INC25-1498, Sumith, Dr. NSAM FIRST GRADE COLLEGE  NITTE  KARKALA, 0
INC25-1502, Sakshi K, Dr. NSAM FIRST GRADE COLLEGE  NITTE  KARKALA, 0
INC25-1504, Maitreyee prabhu, Dr. NSAM FIRST GRADE COLLEGE  NITTE  KARKALA, 0
INC25-1510, Snehashree P S, Dr. NSAM FIRST GRADE COLLEGE  NITTE  KARKALA, 0
INC25-1513, shahaz, Dr. NSAM FIRST GRADE COLLEGE  NITTE  KARKALA, 0
INC25-1514, PRARTHANA PATEL, Dr. NSAM FIRST GRADE COLLEGE  NITTE  KARKALA, 0
INC25-1523, Adithya karkera, Dr. NSAM FIRST GRADE COLLEGE  NITTE  KARKALA, 0
INC25-1559, Bhavana P, Dr. NSAM FIRST GRADE COLLEGE  NITTE  KARKALA, 0
INC25-1560, Manya Hegde , Dr. NSAM FIRST GRADE COLLEGE  NITTE  KARKALA, 0
INC25-1570, Jyothi acharya, Dr. NSAM FIRST GRADE COLLEGE  NITTE  KARKALA, 0
INC25-1583, Sanskriti rao, Dr. NSAM FIRST GRADE COLLEGE  NITTE  KARKALA, 0
INC25-1721, Abhiram K, Dr. NSAM FIRST GRADE COLLEGE  NITTE  KARKALA, 0
INC25-1722, Clive , Dr. NSAM FIRST GRADE COLLEGE  NITTE  KARKALA, 0
INC25-1735, Rashel Pearl Dsilva , Dr. NSAM FIRST GRADE COLLEGE  NITTE  KARKALA, 0
INC25-1758, Sannidhi Gaonkar , Dr. NSAM FIRST GRADE COLLEGE  NITTE  KARKALA, 0
INC25-1762, Shreya Shetty , Dr. NSAM FIRST GRADE COLLEGE  NITTE  KARKALA, 0
INC25-1775, Cleyon Dsouza, Dr. NSAM FIRST GRADE COLLEGE  NITTE  KARKALA, 0
INC25-1790, Kripa Shetty, Dr. NSAM FIRST GRADE COLLEGE  NITTE  KARKALA, 0
INC25-1831, Afreed, Dr. NSAM FIRST GRADE COLLEGE  NITTE  KARKALA, 1
INC25-1898, Hiba begum, Dr. NSAM FIRST GRADE COLLEGE  NITTE  KARKALA, 0
INC25-1907, M prathvik, Dr. NSAM FIRST GRADE COLLEGE  NITTE  KARKALA, 0
INC25-1909, Ayesha suzana, Dr. NSAM FIRST GRADE COLLEGE  NITTE  KARKALA, 0
INC25-1910, Shravan , Dr. NSAM FIRST GRADE COLLEGE  NITTE  KARKALA, 0
INC25-1951, Nisha M R, Dr. NSAM FIRST GRADE COLLEGE  NITTE  KARKALA, 0
INC25-1968, Darren, Dr. NSAM FIRST GRADE COLLEGE  NITTE  KARKALA, 0
INC25-1970, Madhusudan R Rao, Dr. NSAM FIRST GRADE COLLEGE  NITTE  KARKALA, 0
INC25-1997, Samarth Shetty, Dr. NSAM FIRST GRADE COLLEGE  NITTE  KARKALA, 0
INC25-2007, Royston Menezes, Dr. NSAM FIRST GRADE COLLEGE  NITTE  KARKALA, 0
INC25-2029, Deril Sequeira, Dr. NSAM FIRST GRADE COLLEGE  NITTE  KARKALA, 0
INC25-2053, Sinchana Bhat, Dr. NSAM FIRST GRADE COLLEGE  NITTE  KARKALA, 0
INC25-2125, Manasa K R, Dr. NSAM FIRST GRADE COLLEGE  NITTE  KARKALA, 0
INC25-2184, Deon Joseph D'Leema , Dr. NSAM FIRST GRADE COLLEGE  NITTE  KARKALA, 0
INC25-2188, Varsha , Dr. NSAM FIRST GRADE COLLEGE  NITTE  KARKALA, 0
INC25-2192, Aryan sheety, Dr. NSAM FIRST GRADE COLLEGE  NITTE  KARKALA, 0
INC25-2206, Tanisha Fernandes, Dr. NSAM FIRST GRADE COLLEGE  NITTE  KARKALA, 0
INC25-2360, Vinathi R Khadilkar , Dr. NSAM FIRST GRADE COLLEGE  NITTE  KARKALA, 0
INC25-2419, Kavana, Dr. NSAM FIRST GRADE COLLEGE  NITTE  KARKALA, 0
INC25-2473, Suhani acharya, Dr. NSAM FIRST GRADE COLLEGE  NITTE  KARKALA, 0
INC25-2508, Durgesha, Dr. NSAM FIRST GRADE COLLEGE  NITTE  KARKALA, 0
INC25-2558, Hamsini shetty, Dr. NSAM FIRST GRADE COLLEGE  NITTE  KARKALA, 0
INC25-2573, Suraj r padmashali , Dr. NSAM FIRST GRADE COLLEGE  NITTE  KARKALA, 0
INC25-2578, Suraj r padmashali , Dr. NSAM FIRST GRADE COLLEGE  NITTE  KARKALA, 0
INC25-2614, Thaniya Ramona Fernandes , Dr. NSAM FIRST GRADE COLLEGE  NITTE  KARKALA, 0
INC25-2652, Janhavi Shetty, Dr. NSAM FIRST GRADE COLLEGE  NITTE  KARKALA, 0
INC25-2653, samriddhi, Dr. NSAM FIRST GRADE COLLEGE  NITTE  KARKALA, 0
INC25-2659, Prarthana Naveen Shetty , Dr. NSAM FIRST GRADE COLLEGE  NITTE  KARKALA, 0
INC25-2661, Sapekcha Bhandari , Dr. NSAM FIRST GRADE COLLEGE  NITTE  KARKALA, 0
INC25-2694, Abhiram K, Dr. NSAM FIRST GRADE COLLEGE  NITTE  KARKALA, 1
INC25-2729, Guruprasad , Dr. NSAM FIRST GRADE COLLEGE  NITTE  KARKALA, 0
INC25-2770, Sonal deep, Dr. NSAM FIRST GRADE COLLEGE  NITTE  KARKALA, 0
INC25-2793, Avin Vinay Barboza, Dr. NSAM FIRST GRADE COLLEGE  NITTE  KARKALA, 0
INC25-2801, Anvitha Kini , Dr. NSAM FIRST GRADE COLLEGE  NITTE  KARKALA, 0
INC25-2808, Sonal , Dr. NSAM FIRST GRADE COLLEGE  NITTE  KARKALA, 0
INC25-2839, Poorvik , Dr. NSAM FIRST GRADE COLLEGE  NITTE  KARKALA, 0
INC25-2840, Dhruv Salian, Dr. NSAM FIRST GRADE COLLEGE  NITTE  KARKALA, 0
INC25-2877, Aman S.P, Dr. NSAM FIRST GRADE COLLEGE  NITTE  KARKALA, 0
INC25-2881, Amritha, Dr. NSAM FIRST GRADE COLLEGE  NITTE  KARKALA, 0
INC25-2905, Adithya shetty, Dr. NSAM FIRST GRADE COLLEGE  NITTE  KARKALA, 0
INC25-2941, Yuvaraj shetty, Dr. NSAM FIRST GRADE COLLEGE  NITTE  KARKALA, 0
INC25-2948, Charishma, Dr. NSAM FIRST GRADE COLLEGE  NITTE  KARKALA, 0
INC25-2974, Adishree, Dr. NSAM FIRST GRADE COLLEGE  NITTE  KARKALA, 0
INC25-3034, Preksha Hegde, Dr. NSAM FIRST GRADE COLLEGE  NITTE  KARKALA, 0
INC25-3097, Shrinidhi Shetty, Dr. NSAM FIRST GRADE COLLEGE  NITTE  KARKALA, 0
INC25-3135, Ayshal Mathias, Dr. NSAM FIRST GRADE COLLEGE  NITTE  KARKALA, 0
INC25-3143, Sanvi shetty, Dr. NSAM FIRST GRADE COLLEGE  NITTE  KARKALA, 1
INC25-3241, Mohammed Elman, Dr. NSAM FIRST GRADE COLLEGE  NITTE  KARKALA, 0
INC25-3248, Manmohan K , Dr. NSAM FIRST GRADE COLLEGE  NITTE  KARKALA, 1
INC25-3295, Rashmitha Shetty , Dr. NSAM FIRST GRADE COLLEGE  NITTE  KARKALA, 0
INC25-3306, Chandradeep, Dr. NSAM FIRST GRADE COLLEGE  NITTE  KARKALA, 0
INC25-3353, Theertha rajan , Dr. NSAM FIRST GRADE COLLEGE  NITTE  KARKALA, 0
INC25-3382, Badal p poojary , Dr. NSAM FIRST GRADE COLLEGE  NITTE  KARKALA, 1
INC25-3398, Chinmayi Hegde, Dr. NSAM FIRST GRADE COLLEGE  NITTE  KARKALA, 0
INC25-3411, Swasthik R Poojary, Dr. NSAM FIRST GRADE COLLEGE  NITTE  KARKALA, 0
INC25-3414, Pavithra N , Dr. NSAM FIRST GRADE COLLEGE  NITTE  KARKALA, 0
INC25-3424, Suraj r padmashali , Dr. NSAM FIRST GRADE COLLEGE  NITTE  KARKALA, 0
INC25-3426, Sanika T S, Dr. NSAM FIRST GRADE COLLEGE  NITTE  KARKALA, 0
INC25-3480, Bhushan T Rao, Dr. NSAM FIRST GRADE COLLEGE  NITTE  KARKALA, 0
INC25-3491, Daksh, Dr. NSAM FIRST GRADE COLLEGE  NITTE  KARKALA, 0
INC25-3494, Mohammed Elman, Dr. NSAM FIRST GRADE COLLEGE  NITTE  KARKALA, 0
INC25-3528, Kishor, Dr. NSAM FIRST GRADE COLLEGE  NITTE  KARKALA, 0
INC25-3534, Shiva shetty, Dr. NSAM FIRST GRADE COLLEGE  NITTE  KARKALA, 0
INC25-3538, Smrithi K Arya , Dr. NSAM FIRST GRADE COLLEGE  NITTE  KARKALA, 1
INC25-3539, Sanvi , Dr. NSAM FIRST GRADE COLLEGE  NITTE  KARKALA, 0
INC25-3626, ADISh vh , Dr. NSAM FIRST GRADE COLLEGE  NITTE  KARKALA, 0
INC25-3682, Sanjana A S, Dr. NSAM FIRST GRADE COLLEGE  NITTE  KARKALA, 0
INC25-3693, Mahima Rao, Dr. NSAM FIRST GRADE COLLEGE  NITTE  KARKALA, 0
INC25-3701, Romith , Dr. NSAM FIRST GRADE COLLEGE  NITTE  KARKALA, 0
INC25-3740, Shreesha U Pai, Dr. NSAM FIRST GRADE COLLEGE  NITTE  KARKALA, 0
INC25-3783, Thushar R Poojary, Dr. NSAM FIRST GRADE COLLEGE  NITTE  KARKALA, 0
INC25-3810, Dhanyashri , Dr. NSAM FIRST GRADE COLLEGE  NITTE  KARKALA, 0
INC25-3812, Sinchana L Bhat, Dr. NSAM FIRST GRADE COLLEGE  NITTE  KARKALA, 0
INC25-3817, Chhaya R Moolya, Dr. NSAM FIRST GRADE COLLEGE  NITTE  KARKALA, 0
INC25-3820, Aslita Lasrado, Dr. NSAM FIRST GRADE COLLEGE  NITTE  KARKALA, 0
INC25-3823, Manya Shridhar Shetty, Dr. NSAM FIRST GRADE COLLEGE  NITTE  KARKALA, 0
INC25-3844, Santhosh d, Dr. NSAM FIRST GRADE COLLEGE  NITTE  KARKALA, 2
INC25-3848, Vishal Devadiga, Dr. NSAM FIRST GRADE COLLEGE  NITTE  KARKALA, 0
INC25-3851, Shwetha, Dr. NSAM FIRST GRADE COLLEGE  NITTE  KARKALA, 0
INC25-3852, Vivin joyel, Dr. NSAM FIRST GRADE COLLEGE  NITTE  KARKALA, 0
INC25-3853, Vivin joyel , Dr. NSAM FIRST GRADE COLLEGE  NITTE  KARKALA, 0
INC25-3857, Vinol pinto , Dr. NSAM FIRST GRADE COLLEGE  NITTE  KARKALA, 0
INC25-3860, Faisal, Dr. NSAM FIRST GRADE COLLEGE  NITTE  KARKALA, 0
INC25-3924, Prakyath , Dr. NSAM FIRST GRADE COLLEGE  NITTE  KARKALA, 0
INC25-3930, Dhanya, Dr. NSAM FIRST GRADE COLLEGE  NITTE  KARKALA, 0
INC25-3935, Prisha , Dr. NSAM FIRST GRADE COLLEGE  NITTE  KARKALA, 0
INC25-3937, Varsha Bhandary, Dr. NSAM FIRST GRADE COLLEGE  NITTE  KARKALA, 0
INC25-3938, K Shrinidhi Kedilaya , Dr. NSAM FIRST GRADE COLLEGE  NITTE  KARKALA, 0
INC25-3939, Neeraj P, Dr. NSAM FIRST GRADE COLLEGE  NITTE  KARKALA, 1
INC25-3941, M Durgaprasad Kamath , Dr. NSAM FIRST GRADE COLLEGE  NITTE  KARKALA, 0
INC25-3943, Navya , Dr. NSAM FIRST GRADE COLLEGE  NITTE  KARKALA, 0
INC25-3948, Vijaypalsingh, Dr. NSAM FIRST GRADE COLLEGE  NITTE  KARKALA, 0
INC25-3954, Keerthana , Dr. NSAM FIRST GRADE COLLEGE  NITTE  KARKALA, 0
INC25-3987, Ananya, Dr. NSAM FIRST GRADE COLLEGE  NITTE  KARKALA, 0
INC25-4001, Bharath c naik, Dr. NSAM FIRST GRADE COLLEGE  NITTE  KARKALA, 0
INC25-4003, Bharath c naik, Dr. NSAM FIRST GRADE COLLEGE  NITTE  KARKALA, 1
INC25-4020, Prapthi, Dr. NSAM FIRST GRADE COLLEGE  NITTE  KARKALA, 0
INC25-4027, Kaushik, Dr. NSAM FIRST GRADE COLLEGE  NITTE  KARKALA, 0
INC25-4034, Kaushik, Dr. NSAM FIRST GRADE COLLEGE  NITTE  KARKALA, 0
INC25-4116, Manish, Dr. NSAM FIRST GRADE COLLEGE  NITTE  KARKALA, 0
INC25-4125, Chris Calvin Corda , Dr. NSAM FIRST GRADE COLLEGE  NITTE  KARKALA, 1
INC25-4147, Samyuktha , Dr. NSAM FIRST GRADE COLLEGE  NITTE  KARKALA, 0
INC25-4155, Nishma, Dr. NSAM FIRST GRADE COLLEGE  NITTE  KARKALA, 0
INC25-4171, Bhoomi Shetty, Dr. NSAM FIRST GRADE COLLEGE  NITTE  KARKALA, 0
INC25-4172, Bhoomi Shetty, Dr. NSAM FIRST GRADE COLLEGE  NITTE  KARKALA, 0
INC25-4180, Sanchitha Shetty, Dr. NSAM FIRST GRADE COLLEGE  NITTE  KARKALA, 0
INC25-4195, Vikas S poojary, Dr. NSAM FIRST GRADE COLLEGE  NITTE  KARKALA, 0
INC25-4212, Sushma , Dr. NSAM FIRST GRADE COLLEGE  NITTE  KARKALA, 0
INC25-4214, Sushma , Dr. NSAM FIRST GRADE COLLEGE  NITTE  KARKALA, 0
INC25-4217, Sharanya Naik, Dr. NSAM FIRST GRADE COLLEGE  NITTE  KARKALA, 0
INC25-4223, Manvith, Dr. NSAM FIRST GRADE COLLEGE  NITTE  KARKALA, 0
INC25-4240, Glen Lawrence Quadros , Dr. NSAM FIRST GRADE COLLEGE  NITTE  KARKALA, 0
INC25-4251, Gagandeep, Dr. NSAM FIRST GRADE COLLEGE  NITTE  KARKALA, 0
INC25-4264, Gagan Salian, Dr. NSAM FIRST GRADE COLLEGE  NITTE  KARKALA, 0
INC25-4281, shravya , Dr. NSAM FIRST GRADE COLLEGE  NITTE  KARKALA, 0
INC25-4286, Sushan prakash , Dr. NSAM FIRST GRADE COLLEGE  NITTE  KARKALA, 0
INC25-4297, Romith , Dr. NSAM FIRST GRADE COLLEGE  NITTE  KARKALA, 0
INC25-4298, Krupa raikar, Dr. NSAM FIRST GRADE COLLEGE  NITTE  KARKALA, 0
INC25-4299, Romith , Dr. NSAM FIRST GRADE COLLEGE  NITTE  KARKALA, 0
INC25-4351, Aparna M Nair, Dr. NSAM FIRST GRADE COLLEGE  NITTE  KARKALA, 0
INC25-4355, Akshatha MG, Dr. NSAM FIRST GRADE COLLEGE  NITTE  KARKALA, 0
INC25-4356, Swastika Rajesh , Dr. NSAM FIRST GRADE COLLEGE  NITTE  KARKALA, 0
INC25-4374, Shawn, Dr. NSAM FIRST GRADE COLLEGE  NITTE  KARKALA, 0
INC25-4399, Ananya poojary, Dr. NSAM FIRST GRADE COLLEGE  NITTE  KARKALA, 0
INC25-4412, Sarva HS, Dr. NSAM FIRST GRADE COLLEGE  NITTE  KARKALA, 0
INC25-4413, Manya V, Dr. NSAM FIRST GRADE COLLEGE  NITTE  KARKALA, 0
INC25-4417, Sarva H S, Dr. NSAM FIRST GRADE COLLEGE  NITTE  KARKALA, 0
INC25-4447, Shridhar, Dr. NSAM FIRST GRADE COLLEGE  NITTE  KARKALA, 0
INC25-4453, Sushan, Dr. NSAM FIRST GRADE COLLEGE  NITTE  KARKALA, 0
INC25-4457, Anushree Pai, Dr. NSAM FIRST GRADE COLLEGE  NITTE  KARKALA, 0
INC25-4518, Prithvi Rita Crasta , Dr. NSAM FIRST GRADE COLLEGE  NITTE  KARKALA, 0
INC25-4519, Sonal k deep, Dr. NSAM FIRST GRADE COLLEGE  NITTE  KARKALA, 0
INC25-4527, Maithili B R , Dr. NSAM FIRST GRADE COLLEGE  NITTE  KARKALA, 0
INC25-4539, Anup Shetty , Dr. NSAM FIRST GRADE COLLEGE  NITTE  KARKALA, 0
INC25-4542, Avnish Rao, Dr. NSAM FIRST GRADE COLLEGE  NITTE  KARKALA, 0
INC25-4545, Avnish Rao, Dr. NSAM FIRST GRADE COLLEGE  NITTE  KARKALA, 0
INC25-4566, SHARATH K, Dr. NSAM FIRST GRADE COLLEGE  NITTE  KARKALA, 0
INC25-4609, Akshath Shetty, Dr. NSAM FIRST GRADE COLLEGE  NITTE  KARKALA, 0
INC25-4751, Saniya Sowris , Dr. NSAM FIRST GRADE COLLEGE  NITTE  KARKALA, 0
INC25-4796, Dheeraj D kotian, Dr. NSAM FIRST GRADE COLLEGE  NITTE  KARKALA, 1
INC25-4809, Ramanand kamath, Dr. NSAM FIRST GRADE COLLEGE  NITTE  KARKALA, 0
INC25-4821, Deekshith Prakash Poojary, Dr. NSAM FIRST GRADE COLLEGE  NITTE  KARKALA, 1
INC25-4828, Adithya Karkera, Dr. NSAM FIRST GRADE COLLEGE  NITTE  KARKALA, 0
INC25-4885, Prapthi, Dr. NSAM FIRST GRADE COLLEGE  NITTE  KARKALA, 0
INC25-4892, Pratham D Poojary, Dr. NSAM FIRST GRADE COLLEGE  NITTE  KARKALA, 1
INC25-4896, Shrivatsa V bhat, Dr. NSAM FIRST GRADE COLLEGE  NITTE  KARKALA, 0
INC25-4900, Shrivatsa V bhat, Dr. NSAM FIRST GRADE COLLEGE  NITTE  KARKALA, 1
INC25-4905, Varsha Shetty, Dr. NSAM FIRST GRADE COLLEGE  NITTE  KARKALA, 0
INC25-4916, Sai Anugraha P , Dr. NSAM FIRST GRADE COLLEGE  NITTE  KARKALA, 0
INC25-4920, Srajan amin, Dr. NSAM FIRST GRADE COLLEGE  NITTE  KARKALA, 0
INC25-4925, Pruthvish, Dr. NSAM FIRST GRADE COLLEGE  NITTE  KARKALA, 0
INC25-4929, Uttam shetty , Dr. NSAM FIRST GRADE COLLEGE  NITTE  KARKALA, 0
INC25-4932, Ashel, Dr. NSAM FIRST GRADE COLLEGE  NITTE  KARKALA, 0
INC25-4956, Ayush, Dr. NSAM FIRST GRADE COLLEGE  NITTE  KARKALA, 0
INC25-4982, SAFFAN, Dr. NSAM FIRST GRADE COLLEGE  NITTE  KARKALA, 0
INC25-4985, Basavaraj vibhoothi , Dr. NSAM FIRST GRADE COLLEGE  NITTE  KARKALA, 1
INC25-5001, Ashel D Almeida, Dr. NSAM FIRST GRADE COLLEGE  NITTE  KARKALA, 0
INC25-5016, Sunil Kumar , Dr. NSAM FIRST GRADE COLLEGE  NITTE  KARKALA, 1
INC25-5017, Aromal k, Dr. NSAM FIRST GRADE COLLEGE  NITTE  KARKALA, 0
INC25-5021, Ullas P, Dr. NSAM FIRST GRADE COLLEGE  NITTE  KARKALA, 0
INC25-5027, Nidhi S , Dr. NSAM FIRST GRADE COLLEGE  NITTE  KARKALA, 0
INC25-5042, Sambhram k gowda , Dr. NSAM FIRST GRADE COLLEGE  NITTE  KARKALA, 0
INC25-5044, N M Rudresh, Dr. NSAM FIRST GRADE COLLEGE  NITTE  KARKALA, 0
INC25-5046, Dhanush Harish Devadiga, Dr. NSAM FIRST GRADE COLLEGE  NITTE  KARKALA, 1
INC25-5056, Preetham , Dr. NSAM FIRST GRADE COLLEGE  NITTE  KARKALA, 3
INC25-5063, SHREYAS, Dr. NSAM FIRST GRADE COLLEGE  NITTE  KARKALA, 1
INC25-5075, Sanjana, Dr. NSAM FIRST GRADE COLLEGE  NITTE  KARKALA, 0
INC25-5077, Shravya, Dr. NSAM FIRST GRADE COLLEGE  NITTE  KARKALA, 0
INC25-5079, Sumith, Dr. NSAM FIRST GRADE COLLEGE  NITTE  KARKALA, 0
INC25-5080, Sohanil , Dr. NSAM FIRST GRADE COLLEGE  NITTE  KARKALA, 1
INC25-5088, ROSHAN, Dr. NSAM FIRST GRADE COLLEGE  NITTE  KARKALA, 1
INC25-5111,  Khushi Gowda, Dr. NSAM FIRST GRADE COLLEGE  NITTE  KARKALA, 0
INC25-5141, Vaibhav kini, Dr. NSAM FIRST GRADE COLLEGE  NITTE  KARKALA, 0
INC25-5161, Khushi, Dr. NSAM FIRST GRADE COLLEGE  NITTE  KARKALA, 0
INC25-5232, Poorvika , Dr. NSAM FIRST GRADE COLLEGE  NITTE  KARKALA, 0
INC25-5307, Sinchana, Dr. NSAM FIRST GRADE COLLEGE  NITTE  KARKALA, 0
INC25-5314, Gautham , Dr. NSAM FIRST GRADE COLLEGE  NITTE  KARKALA, 0
INC25-5316, Adithya Prabhu , Dr. NSAM FIRST GRADE COLLEGE  NITTE  KARKALA, 0
INC25-5321, Shreya G Nayak , Dr. NSAM FIRST GRADE COLLEGE  NITTE  KARKALA, 0
INC25-5339, Shanmitha shetty , Dr. NSAM FIRST GRADE COLLEGE  NITTE  KARKALA, 0
INC25-5353, Jaanvi Salian, Dr. NSAM FIRST GRADE COLLEGE  NITTE  KARKALA, 0
INC25-5407, Sanjay T , Dr. NSAM FIRST GRADE COLLEGE  NITTE  KARKALA, 0
INC25-5474, Ashish ashok Poojary , Dr. NSAM FIRST GRADE COLLEGE  NITTE  KARKALA, 0
INC25-5475, Huda, Dr. NSAM FIRST GRADE COLLEGE  NITTE  KARKALA, 0
INC25-5493, Pratheek , Dr. NSAM FIRST GRADE COLLEGE  NITTE  KARKALA, 0
INC25-5515, Huda, Dr. NSAM FIRST GRADE COLLEGE  NITTE  KARKALA, 0
INC25-5537, K prapthi Jain , Dr. NSAM FIRST GRADE COLLEGE  NITTE  KARKALA, 0
INC25-5542, Nikith nayak, Dr. NSAM FIRST GRADE COLLEGE  NITTE  KARKALA, 0
INC25-5551, Trisha shetty , Dr. NSAM FIRST GRADE COLLEGE  NITTE  KARKALA, 0
INC25-5558, Suhel , Dr. NSAM FIRST GRADE COLLEGE  NITTE  KARKALA, 0
INC25-5586, Jahnavi , Dr. NSAM FIRST GRADE COLLEGE  NITTE  KARKALA, 0
INC25-5594, Victor , Dr. NSAM FIRST GRADE COLLEGE  NITTE  KARKALA, 0
INC25-5619, Kavish , Dr. NSAM FIRST GRADE COLLEGE  NITTE  KARKALA, 0
INC25-5653, Sohan, Dr. NSAM FIRST GRADE COLLEGE  NITTE  KARKALA, 0
INC25-5703, Apeksha m, Dr. NSAM FIRST GRADE COLLEGE  NITTE  KARKALA, 0
INC25-5734, Norwin ferrao, Dr. NSAM FIRST GRADE COLLEGE  NITTE  KARKALA, 0
INC25-5761, Riona Dsouza , Dr. NSAM FIRST GRADE COLLEGE  NITTE  KARKALA, 0
INC25-5803, Carol, Dr. NSAM FIRST GRADE COLLEGE  NITTE  KARKALA, 0
INC25-5814, Sanskrithi Rao, Dr. NSAM FIRST GRADE COLLEGE  NITTE  KARKALA, 0
INC25-5860, Ashish Shetty, Dr. NSAM FIRST GRADE COLLEGE  NITTE  KARKALA, 2
INC25-6002, Jithesh, Dr. NSAM FIRST GRADE COLLEGE  NITTE  KARKALA, 0
INC25-6003, Sakshath , Dr. NSAM FIRST GRADE COLLEGE  NITTE  KARKALA, 0
INC25-6039, Delwin quadras, Dr. NSAM FIRST GRADE COLLEGE  NITTE  KARKALA, 0
INC25-6106, Irfan, Dr. NSAM FIRST GRADE COLLEGE  NITTE  KARKALA, 0
INC25-6108, Vishal, Dr. NSAM FIRST GRADE COLLEGE  NITTE  KARKALA, 0
INC25-6124, Irfan, Dr. NSAM FIRST GRADE COLLEGE  NITTE  KARKALA, 0
INC25-6134, Aysha, Dr. NSAM FIRST GRADE COLLEGE  NITTE  KARKALA, 0
INC25-6149, Thejas Kamath , Dr. NSAM FIRST GRADE COLLEGE  NITTE  KARKALA, 0
INC25-6166, Keerthish , Dr. NSAM FIRST GRADE COLLEGE  NITTE  KARKALA, 0
INC25-6170, Prajna Acharya, Dr. NSAM FIRST GRADE COLLEGE  NITTE  KARKALA, 0
INC25-6173, Kshitij shetty, Dr. NSAM FIRST GRADE COLLEGE  NITTE  KARKALA, 0
INC25-6197, Jnanesh , Dr. NSAM FIRST GRADE COLLEGE  NITTE  KARKALA, 0
INC25-6199, Arwin, Dr. NSAM FIRST GRADE COLLEGE  NITTE  KARKALA, 0
INC25-6200, Samruth Poojary, Dr. NSAM FIRST GRADE COLLEGE  NITTE  KARKALA, 0
INC25-6205, Vaibhav nayak, Dr. NSAM FIRST GRADE COLLEGE  NITTE  KARKALA, 0
INC25-6214, Melon Mendonca, Dr. NSAM FIRST GRADE COLLEGE  NITTE  KARKALA, 0
INC25-6215, DARSHAN D SHETTY, Dr. NSAM FIRST GRADE COLLEGE  NITTE  KARKALA, 0
INC25-6218, Leesha, Dr. NSAM FIRST GRADE COLLEGE  NITTE  KARKALA, 0
INC25-6225, Revanth r , Dr. NSAM FIRST GRADE COLLEGE  NITTE  KARKALA, 0
INC25-6228, Revanth r , Dr. NSAM FIRST GRADE COLLEGE  NITTE  KARKALA, 0
INC25-6240, Aishwarya M, Dr. NSAM FIRST GRADE COLLEGE  NITTE  KARKALA, 0
INC25-6246, Vaibhav nayak, Dr. NSAM FIRST GRADE COLLEGE  NITTE  KARKALA, 0
INC25-6255, Nithinshetty JT, Dr. NSAM FIRST GRADE COLLEGE  NITTE  KARKALA, 0
INC25-6264, Chauhan Shaktisingh , Dr. NSAM FIRST GRADE COLLEGE  NITTE  KARKALA, 0
INC25-6265, Raghuram , Dr. NSAM FIRST GRADE COLLEGE  NITTE  KARKALA, 0
INC25-6276, HRITHVIK M R, Dr. NSAM FIRST GRADE COLLEGE  NITTE  KARKALA, 0
INC25-6279, Clanita Rashmi Dsouza , Dr. NSAM FIRST GRADE COLLEGE  NITTE  KARKALA, 0
INC25-6281, Shruti shetty , Dr. NSAM FIRST GRADE COLLEGE  NITTE  KARKALA, 0
INC25-6290, Dhanushree, Dr. NSAM FIRST GRADE COLLEGE  NITTE  KARKALA, 0
INC25-6314, Rishika j, Dr. NSAM FIRST GRADE COLLEGE  NITTE  KARKALA, 0
INC25-6319, Swijal Fernandes , Dr. NSAM FIRST GRADE COLLEGE  NITTE  KARKALA, 0
INC25-6356, Vinola Rodrigues , Dr. NSAM FIRST GRADE COLLEGE  NITTE  KARKALA, 0
INC25-6359, Megha, Dr. NSAM FIRST GRADE COLLEGE  NITTE  KARKALA, 0
INC25-6368, Thanusha , Dr. NSAM FIRST GRADE COLLEGE  NITTE  KARKALA, 0
INC25-6369, Viola Dsouza , Dr. NSAM FIRST GRADE COLLEGE  NITTE  KARKALA, 0
INC25-6371, Meslin Dsouza , Dr. NSAM FIRST GRADE COLLEGE  NITTE  KARKALA, 0
INC25-6405, Canute, Dr. NSAM FIRST GRADE COLLEGE  NITTE  KARKALA, 0
INC25-6436, Disha, Dr. NSAM FIRST GRADE COLLEGE  NITTE  KARKALA, 0
INC25-6470, Nikshep, Dr. NSAM FIRST GRADE COLLEGE  NITTE  KARKALA, 0
INC25-6482, Gautham , Dr. NSAM FIRST GRADE COLLEGE  NITTE  KARKALA, 0
INC25-6484, Mohammad Safwan, Dr. NSAM FIRST GRADE COLLEGE  NITTE  KARKALA, 0
INC25-6494, Pranav, Dr. NSAM FIRST GRADE COLLEGE  NITTE  KARKALA, 0
INC25-6506, Tejas , Dr. NSAM FIRST GRADE COLLEGE  NITTE  KARKALA, 0
INC25-6511, Inish Martis, Dr. NSAM FIRST GRADE COLLEGE  NITTE  KARKALA, 0
INC25-6512, Ankitha Gowda, Dr. NSAM FIRST GRADE COLLEGE  NITTE  KARKALA, 0
INC25-6514, Santhrupth Gowda, Dr. NSAM FIRST GRADE COLLEGE  NITTE  KARKALA, 0
INC25-6579, SWAYAM SHETTY, Dr. NSAM FIRST GRADE COLLEGE  NITTE  KARKALA, 0
INC25-6589, Trisha J, Dr. NSAM FIRST GRADE COLLEGE  NITTE  KARKALA, 0
INC25-6598, Trisha J, Dr. NSAM FIRST GRADE COLLEGE  NITTE  KARKALA, 0
INC25-6599, Sujith , Dr. NSAM FIRST GRADE COLLEGE  NITTE  KARKALA, 0
INC25-6611, Chirayu Shetty , Dr. NSAM FIRST GRADE COLLEGE  NITTE  KARKALA, 0
INC25-6632, Nishanth Shetty , Dr. NSAM FIRST GRADE COLLEGE  NITTE  KARKALA, 0
INC25-6634, Adithya Keshavaraya Shenoy, Dr. NSAM FIRST GRADE COLLEGE  NITTE  KARKALA, 0
INC25-6635, Damodar Prabhu, Dr. NSAM FIRST GRADE COLLEGE  NITTE  KARKALA, 0
INC25-6640, Chiraj shetty, Dr. NSAM FIRST GRADE COLLEGE  NITTE  KARKALA, 0
INC25-6647, Sinchana , Dr. NSAM FIRST GRADE COLLEGE  NITTE  KARKALA, 0
INC25-6659, Bhavana , Dr. NSAM FIRST GRADE COLLEGE  NITTE  KARKALA, 0
INC25-6664, Aaron, Dr. NSAM FIRST GRADE COLLEGE  NITTE  KARKALA, 0
INC25-6667, Suhan suvarna , Dr. NSAM FIRST GRADE COLLEGE  NITTE  KARKALA, 0
INC25-6673, Shailesh , Dr. NSAM FIRST GRADE COLLEGE  NITTE  KARKALA, 0
INC25-6704, Abhin, Dr. NSAM FIRST GRADE COLLEGE  NITTE  KARKALA, 0
INC25-6706, LIKHITH N DEVADIGA , Dr. NSAM FIRST GRADE COLLEGE  NITTE  KARKALA, 0
INC25-6708, Dhanu , Dr. NSAM FIRST GRADE COLLEGE  NITTE  KARKALA, 0
INC25-6757, Vion Lobo, Dr. NSAM FIRST GRADE COLLEGE  NITTE  KARKALA, 0
INC25-6772, Priston pinto, Dr. NSAM FIRST GRADE COLLEGE  NITTE  KARKALA, 0
INC25-6774, Rohan V Shetty, Dr. NSAM FIRST GRADE COLLEGE  NITTE  KARKALA, 0
INC25-6838, Avita , Dr. NSAM FIRST GRADE COLLEGE  NITTE  KARKALA, 0
INC25-6843, Pavani, Dr. NSAM FIRST GRADE COLLEGE  NITTE  KARKALA, 0
INC25-6851, Pavani, Dr. NSAM FIRST GRADE COLLEGE  NITTE  KARKALA, 0
INC25-6882, Saniha S Shetty , Dr. NSAM FIRST GRADE COLLEGE  NITTE  KARKALA, 0
INC25-6893, S Rakshan, Dr. NSAM FIRST GRADE COLLEGE  NITTE  KARKALA, 0
INC25-6899, Sanika, Dr. NSAM FIRST GRADE COLLEGE  NITTE  KARKALA, 0
INC25-6912, Prateek shetty , Dr. NSAM FIRST GRADE COLLEGE  NITTE  KARKALA, 0
INC25-6925, Akash Shetty, Dr. NSAM FIRST GRADE COLLEGE  NITTE  KARKALA, 0
INC25-6927, Riyanna Ashlin Pereira , Dr. NSAM FIRST GRADE COLLEGE  NITTE  KARKALA, 0
INC25-6942, Prathiksha Nayak, Dr. NSAM FIRST GRADE COLLEGE  NITTE  KARKALA, 0
INC25-6971, AZAR, Dr. NSAM FIRST GRADE COLLEGE  NITTE  KARKALA, 0
INC25-6988, Samrudh Poojary , Dr. NSAM FIRST GRADE COLLEGE  NITTE  KARKALA, 0
INC25-7016, Anthony, Dr. NSAM FIRST GRADE COLLEGE  NITTE  KARKALA, 0
INC25-7026, DHANUSHREE.KM, Dr. NSAM FIRST GRADE COLLEGE  NITTE  KARKALA, 0
INC25-7041, Surya S Hegde , Dr. NSAM FIRST GRADE COLLEGE  NITTE  KARKALA, 0
INC25-7047, Chiraj shetty, Dr. NSAM FIRST GRADE COLLEGE  NITTE  KARKALA, 0
INC25-7050, Shilpa, Dr. NSAM FIRST GRADE COLLEGE  NITTE  KARKALA, 0
INC25-7065, Wilroy , Dr. NSAM FIRST GRADE COLLEGE  NITTE  KARKALA, 0
INC25-7070, Wilroy daouza, Dr. NSAM FIRST GRADE COLLEGE  NITTE  KARKALA, 0
INC25-7074, Mayur p, Dr. NSAM FIRST GRADE COLLEGE  NITTE  KARKALA, 0
INC25-7091, DHANUSHREE.KM, Dr. NSAM FIRST GRADE COLLEGE  NITTE  KARKALA, 0
INC25-7108, Rayil, Dr. NSAM FIRST GRADE COLLEGE  NITTE  KARKALA, 0
INC25-7114, Mohammed rayil, Dr. NSAM FIRST GRADE COLLEGE  NITTE  KARKALA, 0
INC25-7122, Rakshan, Dr. NSAM FIRST GRADE COLLEGE  NITTE  KARKALA, 0
INC25-7143, Samrudhi Rao, Dr. NSAM FIRST GRADE COLLEGE  NITTE  KARKALA, 0
INC25-7164, Veon , Dr. NSAM FIRST GRADE COLLEGE  NITTE  KARKALA, 0
INC25-7185, Mohammed Shinan , Dr. NSAM FIRST GRADE COLLEGE  NITTE  KARKALA, 0
INC25-7187, Shaun, Dr. NSAM FIRST GRADE COLLEGE  NITTE  KARKALA, 0
INC25-7188, Abhishek , Dr. NSAM FIRST GRADE COLLEGE  NITTE  KARKALA, 0
INC25-7193, Prathvik K Mendon, Dr. NSAM FIRST GRADE COLLEGE  NITTE  KARKALA, 0
INC25-7217, Anvith Gowda, Dr. NSAM FIRST GRADE COLLEGE  NITTE  KARKALA, 0
INC25-7246, Anshul, Dr. NSAM FIRST GRADE COLLEGE  NITTE  KARKALA, 0
INC25-7254, ETHAN CHRIS PEREIRA, Dr. NSAM FIRST GRADE COLLEGE  NITTE  KARKALA, 0
INC25-7257, Mohammad Faraaz, Dr. NSAM FIRST GRADE COLLEGE  NITTE  KARKALA, 0
INC25-7260, Abhishek, Dr. NSAM FIRST GRADE COLLEGE  NITTE  KARKALA, 0
INC25-7289, Lathish poojary, Dr. NSAM FIRST GRADE COLLEGE  NITTE  KARKALA, 0
INC25-7292, Shasmeen, Dr. NSAM FIRST GRADE COLLEGE  NITTE  KARKALA, 0
INC25-7294, Krish Suthar, Dr. NSAM FIRST GRADE COLLEGE  NITTE  KARKALA, 0
INC25-7299, Bhavanth kulal, Dr. NSAM FIRST GRADE COLLEGE  NITTE  KARKALA, 0
INC25-7329, Srujan , Dr. NSAM FIRST GRADE COLLEGE  NITTE  KARKALA, 0
INC25-7346, Shreenish, Dr. NSAM FIRST GRADE COLLEGE  NITTE  KARKALA, 0
INC25-7360, Disha S Shetty, Dr. NSAM FIRST GRADE COLLEGE  NITTE  KARKALA, 0
INC25-7391, Nifthi R, Dr. NSAM FIRST GRADE COLLEGE  NITTE  KARKALA, 0
INC25-7411, Swasthik Poojary, Dr. NSAM FIRST GRADE COLLEGE  NITTE  KARKALA, 0
INC25-7443, Shanvith s, Dr. NSAM FIRST GRADE COLLEGE  NITTE  KARKALA, 0
INC25-7449, Adithya rao, Dr. NSAM FIRST GRADE COLLEGE  NITTE  KARKALA, 0
INC25-7467, Selvita Martis, Dr. NSAM FIRST GRADE COLLEGE  NITTE  KARKALA, 0
INC25-7477, Hrushikesh, Dr. NSAM FIRST GRADE COLLEGE  NITTE  KARKALA, 0
INC25-7479, Aditya rao , Dr. NSAM FIRST GRADE COLLEGE  NITTE  KARKALA, 0
INC25-7500, Rishith Shetty, Dr. NSAM FIRST GRADE COLLEGE  NITTE  KARKALA, 0
INC25-7503, Keerthan, Dr. NSAM FIRST GRADE COLLEGE  NITTE  KARKALA, 0
INC25-7507, Rakshit Naik, Dr. NSAM FIRST GRADE COLLEGE  NITTE  KARKALA, 0
INC25-7508, Vinith P Naidu, Dr. NSAM FIRST GRADE COLLEGE  NITTE  KARKALA, 0
INC25-7563, Srujan, Dr. NSAM FIRST GRADE COLLEGE  NITTE  KARKALA, 0
INC25-7609, Shrida Shetty, Dr. NSAM FIRST GRADE COLLEGE  NITTE  KARKALA, 0
INC25-7641, Smaran shetty, Dr. NSAM FIRST GRADE COLLEGE  NITTE  KARKALA, 0
INC25-7661, Sirish shetty, Dr. NSAM FIRST GRADE COLLEGE  NITTE  KARKALA, 0
INC25-7711, Medha D Shetty, Dr. NSAM FIRST GRADE COLLEGE  NITTE  KARKALA, 0
INC25-7712, kyathi, Dr. NSAM FIRST GRADE COLLEGE  NITTE  KARKALA, 0
INC25-7713, Jenisha Fernandes , Dr. NSAM FIRST GRADE COLLEGE  NITTE  KARKALA, 0
INC25-7781, Prathyaksh B, Dr. NSAM FIRST GRADE COLLEGE  NITTE  KARKALA, 0
INC25-7858, Sumit kotian , Dr. NSAM FIRST GRADE COLLEGE  NITTE  KARKALA, 0
INC25-7879, Vaibhav , Dr. NSAM FIRST GRADE COLLEGE  NITTE  KARKALA, 0
INC25-7940, Ashith h kotian, Dr. NSAM FIRST GRADE COLLEGE  NITTE  KARKALA, 0
INC25-7956, Samrudhi Rao, Dr. NSAM FIRST GRADE COLLEGE  NITTE  KARKALA, 0
INC25-7959, Valder Alisa Alex , Dr. NSAM FIRST GRADE COLLEGE  NITTE  KARKALA, 0
INC25-7997, Ramith, Dr. NSAM FIRST GRADE COLLEGE  NITTE  KARKALA, 0
INC25-8004, Ramith, Dr. NSAM FIRST GRADE COLLEGE  NITTE  KARKALA, 0
INC25-8008, Ramith, Dr. NSAM FIRST GRADE COLLEGE  NITTE  KARKALA, 0
INC25-8028, Sharan, Dr. NSAM FIRST GRADE COLLEGE  NITTE  KARKALA, 0
INC25-8036, Manvitha Puthran , Dr. NSAM FIRST GRADE COLLEGE  NITTE  KARKALA, 0
INC25-8066, Anushree Pai, Dr. NSAM FIRST GRADE COLLEGE  NITTE  KARKALA, 0
INC25-8102, Tanish shetty , Dr. NSAM FIRST GRADE COLLEGE  NITTE  KARKALA, 0
INC25-8116, Goutham R Acharya, Dr. NSAM FIRST GRADE COLLEGE  NITTE  KARKALA, 0
INC25-8171, Shreyas Gopal Vadageri, Dr. NSAM FIRST GRADE COLLEGE  NITTE  KARKALA, 0
INC25-8180, Ashik Acharya, Dr. NSAM FIRST GRADE COLLEGE  NITTE  KARKALA, 0
