PID, User name, College Name, No. of events attended
INC25-0791, Chandramauli , Dr. NSAM FIRST GRADE COLLEGE  BANGALORE, 0
INC25-1343, Sakshi.U.Shetty, Dr. NSAM FIRST GRADE COLLEGE  BANGALORE, 0
INC25-2811, Vivin, Dr. NSAM FIRST GRADE COLLEGE  BANGALORE, 0
INC25-3570, Thrisha, Dr. NSAM FIRST GRADE COLLEGE  BANGALORE, 0
INC25-5062, Hiba samra, Dr. NSAM FIRST GRADE COLLEGE  BANGALORE, 0
INC25-5526, Huda, Dr. NSAM FIRST GRADE COLLEGE  BANGALORE, 0
INC25-5722, Ashith nit, Dr. NSAM FIRST GRADE COLLEGE  BANGALORE, 0
INC25-6186, Anvith S kulal, Dr. NSAM FIRST GRADE COLLEGE  BANGALORE, 0
INC25-6312, Melroy, Dr. NSAM FIRST GRADE COLLEGE  BANGALORE, 0
INC25-6430, Shodhan , Dr. NSAM FIRST GRADE COLLEGE  BANGALORE, 0
INC25-7209, Sudeep, Dr. NSAM FIRST GRADE COLLEGE  BANGALORE, 0
INC25-7335, Abhilash , Dr. NSAM FIRST GRADE COLLEGE  BANGALORE, 0
INC25-7336, Srujan, Dr. NSAM FIRST GRADE COLLEGE  BANGALORE, 0
INC25-7470, Hrushikesh, Dr. NSAM FIRST GRADE COLLEGE  BANGALORE, 0
INC25-7837, Mohammed Emad, Dr. NSAM FIRST GRADE COLLEGE  BANGALORE, 0
INC25-8043, Swayam Rao, Dr. NSAM FIRST GRADE COLLEGE  BANGALORE, 0
