PID, User name, College Name, No. of events attended
INC25-1428, GAGANDEEP B S, JAWARHARLAL NEHRU NATIONAL COLLEGE OF ENGINEERING  SHIVAMOGGA, 0
INC25-3199, Rahul N, JAWARHARLAL NEHRU NATIONAL COLLEGE OF ENGINEERING  SHIVAMOGGA, 1
INC25-5944, JAYANTH K , JAWARHARLAL NEHRU NATIONAL COLLEGE OF ENGINEERING  SHIVAMOGGA, 0
INC25-6041, areeb Imtiaz Ahamed , JAWARHARLAL NEHRU NATIONAL COLLEGE OF ENGINEERING  SHIVAMOGGA, 1
INC25-6766, Lavanya G S, JAWARHARLAL NEHRU NATIONAL COLLEGE OF ENGINEERING  SHIVAMOGGA, 1
INC25-6833, Vaishnavi H K , JAWARHARLAL NEHRU NATIONAL COLLEGE OF ENGINEERING  SHIVAMOGGA, 1
INC25-7376, Srushti s ital, JAWARHARLAL NEHRU NATIONAL COLLEGE OF ENGINEERING  SHIVAMOGGA, 0
INC25-7377, Saakshi s ital, JAWARHARLAL NEHRU NATIONAL COLLEGE OF ENGINEERING  SHIVAMOGGA, 0
INC25-7434, Srushti s ital, JAWARHARLAL NEHRU NATIONAL COLLEGE OF ENGINEERING  SHIVAMOGGA, 0
INC25-7438, Saakshi s ital, JAWARHARLAL NEHRU NATIONAL COLLEGE OF ENGINEERING  SHIVAMOGGA, 0
