PID, User name, College Name, No. of events attended
INC25-1158, Nidhi, JUSTICE K S HEGDE INSTITUTE OF MANAGEMENT  NITTE, 0
INC25-1203, Aniketh, JUSTICE K S HEGDE INSTITUTE OF MANAGEMENT  NITTE, 0
INC25-1372, ArhathRaj Shetty M , JUSTICE K S HEGDE INSTITUTE OF MANAGEMENT  NITTE, 0
INC25-1587, Madhav, JUSTICE K S HEGDE INSTITUTE OF MANAGEMENT  NITTE, 0
INC25-1761, Shruti Pillai, JUSTICE K S HEGDE INSTITUTE OF MANAGEMENT  NITTE, 0
INC25-2921, Ananya, JUSTICE K S HEGDE INSTITUTE OF MANAGEMENT  NITTE, 0
INC25-3193, Manthan Kini, JUSTICE K S HEGDE INSTITUTE OF MANAGEMENT  NITTE, 0
INC25-3195, Prach, JUSTICE K S HEGDE INSTITUTE OF MANAGEMENT  NITTE, 0
INC25-3314, Tejal Varma, JUSTICE K S HEGDE INSTITUTE OF MANAGEMENT  NITTE, 0
INC25-3318, Tejal Varma, JUSTICE K S HEGDE INSTITUTE OF MANAGEMENT  NITTE, 0
INC25-3418, Megha S Palan, JUSTICE K S HEGDE INSTITUTE OF MANAGEMENT  NITTE, 0
INC25-3505, Aishwarya Shetty , JUSTICE K S HEGDE INSTITUTE OF MANAGEMENT  NITTE, 0
INC25-3658, Rahul SD , JUSTICE K S HEGDE INSTITUTE OF MANAGEMENT  NITTE, 0
INC25-3782, Prathiksha Shetty, JUSTICE K S HEGDE INSTITUTE OF MANAGEMENT  NITTE, 0
INC25-3786, Nishchith. R. Jain, JUSTICE K S HEGDE INSTITUTE OF MANAGEMENT  NITTE, 0
INC25-3825, Suniksha Shetty, JUSTICE K S HEGDE INSTITUTE OF MANAGEMENT  NITTE, 0
INC25-4198, Vaishna Rayaroth, JUSTICE K S HEGDE INSTITUTE OF MANAGEMENT  NITTE, 0
INC25-4346, Prithvi devjani, JUSTICE K S HEGDE INSTITUTE OF MANAGEMENT  NITTE, 0
INC25-4461, Misha rai, JUSTICE K S HEGDE INSTITUTE OF MANAGEMENT  NITTE, 0
INC25-4463, Nitin Shetty , JUSTICE K S HEGDE INSTITUTE OF MANAGEMENT  NITTE, 0
INC25-4503, Sharadhi D Rao, JUSTICE K S HEGDE INSTITUTE OF MANAGEMENT  NITTE, 0
INC25-4854, Dhaksha shetty, JUSTICE K S HEGDE INSTITUTE OF MANAGEMENT  NITTE, 0
INC25-4871, Neha B S Madivala, JUSTICE K S HEGDE INSTITUTE OF MANAGEMENT  NITTE, 0
INC25-5053, Priyanka G Shet, JUSTICE K S HEGDE INSTITUTE OF MANAGEMENT  NITTE, 0
INC25-5084, Adhya kanara, JUSTICE K S HEGDE INSTITUTE OF MANAGEMENT  NITTE, 0
INC25-5117, Goutham G Kini, JUSTICE K S HEGDE INSTITUTE OF MANAGEMENT  NITTE, 0
INC25-5148, Abhishek S Acharya, JUSTICE K S HEGDE INSTITUTE OF MANAGEMENT  NITTE, 0
INC25-5196, Adithi D H, JUSTICE K S HEGDE INSTITUTE OF MANAGEMENT  NITTE, 0
INC25-5206, Mahima R Hebbar , JUSTICE K S HEGDE INSTITUTE OF MANAGEMENT  NITTE, 0
INC25-5398, Maithri V, JUSTICE K S HEGDE INSTITUTE OF MANAGEMENT  NITTE, 0
INC25-5417, Prathyaksh shetty k, JUSTICE K S HEGDE INSTITUTE OF MANAGEMENT  NITTE, 0
INC25-5425, Navyadeep Shetty , JUSTICE K S HEGDE INSTITUTE OF MANAGEMENT  NITTE, 0
INC25-5449, R Omkar, JUSTICE K S HEGDE INSTITUTE OF MANAGEMENT  NITTE, 0
INC25-5510, Anusha shetty, JUSTICE K S HEGDE INSTITUTE OF MANAGEMENT  NITTE, 0
INC25-5532, Varsha Prabhu, JUSTICE K S HEGDE INSTITUTE OF MANAGEMENT  NITTE, 0
INC25-5535, Anusha, JUSTICE K S HEGDE INSTITUTE OF MANAGEMENT  NITTE, 0
INC25-5536, Ankitha, JUSTICE K S HEGDE INSTITUTE OF MANAGEMENT  NITTE, 0
INC25-5623, Akshitha K Shetty, JUSTICE K S HEGDE INSTITUTE OF MANAGEMENT  NITTE, 0
INC25-5641, Dnyaneshwar , JUSTICE K S HEGDE INSTITUTE OF MANAGEMENT  NITTE, 0
INC25-5671, Shrinit Devadiga, JUSTICE K S HEGDE INSTITUTE OF MANAGEMENT  NITTE, 0
INC25-5684, Sairaj C Shetty, JUSTICE K S HEGDE INSTITUTE OF MANAGEMENT  NITTE, 0
INC25-5741, Punya j shetty, JUSTICE K S HEGDE INSTITUTE OF MANAGEMENT  NITTE, 0
INC25-5742, Pragathi shetty, JUSTICE K S HEGDE INSTITUTE OF MANAGEMENT  NITTE, 0
INC25-5913, Vaishnav Nambiar, JUSTICE K S HEGDE INSTITUTE OF MANAGEMENT  NITTE, 0
INC25-5991, Shrishti bhandary, JUSTICE K S HEGDE INSTITUTE OF MANAGEMENT  NITTE, 0
INC25-6007, A Srivathsa Acharya , JUSTICE K S HEGDE INSTITUTE OF MANAGEMENT  NITTE, 0
INC25-6010, Vidhath, JUSTICE K S HEGDE INSTITUTE OF MANAGEMENT  NITTE, 0
INC25-6015, Vidhath, JUSTICE K S HEGDE INSTITUTE OF MANAGEMENT  NITTE, 0
INC25-6021, Pavanachandra, JUSTICE K S HEGDE INSTITUTE OF MANAGEMENT  NITTE, 0
INC25-6024, Raniya Rose Mampilly , JUSTICE K S HEGDE INSTITUTE OF MANAGEMENT  NITTE, 0
INC25-6104, Preethi S Shetty , JUSTICE K S HEGDE INSTITUTE OF MANAGEMENT  NITTE, 0
INC25-6118, Krish H Shetty , JUSTICE K S HEGDE INSTITUTE OF MANAGEMENT  NITTE, 0
INC25-6121, Samiksha Shetty , JUSTICE K S HEGDE INSTITUTE OF MANAGEMENT  NITTE, 0
INC25-6123, Swastik shetty, JUSTICE K S HEGDE INSTITUTE OF MANAGEMENT  NITTE, 0
INC25-6127, M N Sanjana Rao , JUSTICE K S HEGDE INSTITUTE OF MANAGEMENT  NITTE, 0
INC25-6130, Shristi shetty, JUSTICE K S HEGDE INSTITUTE OF MANAGEMENT  NITTE, 0
INC25-6216, Himali, JUSTICE K S HEGDE INSTITUTE OF MANAGEMENT  NITTE, 0
INC25-6250, Shravya M Rao, JUSTICE K S HEGDE INSTITUTE OF MANAGEMENT  NITTE, 0
INC25-6277, Sneha, JUSTICE K S HEGDE INSTITUTE OF MANAGEMENT  NITTE, 0
INC25-6326, Samruddhi shetty, JUSTICE K S HEGDE INSTITUTE OF MANAGEMENT  NITTE, 0
INC25-6330, Sanath shet , JUSTICE K S HEGDE INSTITUTE OF MANAGEMENT  NITTE, 0
INC25-6331, Rachana, JUSTICE K S HEGDE INSTITUTE OF MANAGEMENT  NITTE, 0
INC25-6358, Divya, JUSTICE K S HEGDE INSTITUTE OF MANAGEMENT  NITTE, 0
INC25-6399, Sharanya , JUSTICE K S HEGDE INSTITUTE OF MANAGEMENT  NITTE, 0
INC25-6429, Srinidhi n, JUSTICE K S HEGDE INSTITUTE OF MANAGEMENT  NITTE, 0
INC25-6486, Sushanth Shetty, JUSTICE K S HEGDE INSTITUTE OF MANAGEMENT  NITTE, 0
INC25-6524, Vandana, JUSTICE K S HEGDE INSTITUTE OF MANAGEMENT  NITTE, 0
INC25-6586, Shibali Shetty , JUSTICE K S HEGDE INSTITUTE OF MANAGEMENT  NITTE, 0
INC25-6758, Suraj Shetty, JUSTICE K S HEGDE INSTITUTE OF MANAGEMENT  NITTE, 0
INC25-6759, Amith BP, JUSTICE K S HEGDE INSTITUTE OF MANAGEMENT  NITTE, 0
INC25-6945, Tejaswini, JUSTICE K S HEGDE INSTITUTE OF MANAGEMENT  NITTE, 0
INC25-7004, Akshay bhat , JUSTICE K S HEGDE INSTITUTE OF MANAGEMENT  NITTE, 0
INC25-7006, Krishna Bharadwaj , JUSTICE K S HEGDE INSTITUTE OF MANAGEMENT  NITTE, 0
INC25-7039, Rachana S , JUSTICE K S HEGDE INSTITUTE OF MANAGEMENT  NITTE, 0
INC25-7064, Utham , JUSTICE K S HEGDE INSTITUTE OF MANAGEMENT  NITTE, 0
INC25-7078, Jinashree Jain , JUSTICE K S HEGDE INSTITUTE OF MANAGEMENT  NITTE, 0
INC25-7151, Ritvik Sundar , JUSTICE K S HEGDE INSTITUTE OF MANAGEMENT  NITTE, 0
INC25-7235, Keerthana B Bhat, JUSTICE K S HEGDE INSTITUTE OF MANAGEMENT  NITTE, 0
INC25-7238, Shreesha V bhat, JUSTICE K S HEGDE INSTITUTE OF MANAGEMENT  NITTE, 0
INC25-7248, Spriha , JUSTICE K S HEGDE INSTITUTE OF MANAGEMENT  NITTE, 0
INC25-7249, Spriha Sinha, JUSTICE K S HEGDE INSTITUTE OF MANAGEMENT  NITTE, 0
INC25-7305, Krithik karkera k, JUSTICE K S HEGDE INSTITUTE OF MANAGEMENT  NITTE, 0
INC25-7333, Akanksh, JUSTICE K S HEGDE INSTITUTE OF MANAGEMENT  NITTE, 0
INC25-7348, Akanksh K, JUSTICE K S HEGDE INSTITUTE OF MANAGEMENT  NITTE, 0
INC25-7350, Nishanth D M , JUSTICE K S HEGDE INSTITUTE OF MANAGEMENT  NITTE, 0
INC25-7355, Eshank jalan, JUSTICE K S HEGDE INSTITUTE OF MANAGEMENT  NITTE, 0
INC25-7361, Eshank jalan, JUSTICE K S HEGDE INSTITUTE OF MANAGEMENT  NITTE, 0
INC25-7371, Sreya KC, JUSTICE K S HEGDE INSTITUTE OF MANAGEMENT  NITTE, 0
INC25-7392, Apoorva, JUSTICE K S HEGDE INSTITUTE OF MANAGEMENT  NITTE, 0
INC25-7394, Apoorva, JUSTICE K S HEGDE INSTITUTE OF MANAGEMENT  NITTE, 0
INC25-7395, Dhriti Shetty , JUSTICE K S HEGDE INSTITUTE OF MANAGEMENT  NITTE, 0
INC25-7398, Kiran S Acharya, JUSTICE K S HEGDE INSTITUTE OF MANAGEMENT  NITTE, 0
INC25-7402, Uday Kiran , JUSTICE K S HEGDE INSTITUTE OF MANAGEMENT  NITTE, 0
INC25-7408, Ankitha, JUSTICE K S HEGDE INSTITUTE OF MANAGEMENT  NITTE, 0
INC25-7412, Kiran S Acharya, JUSTICE K S HEGDE INSTITUTE OF MANAGEMENT  NITTE, 0
INC25-7420, Akshay, JUSTICE K S HEGDE INSTITUTE OF MANAGEMENT  NITTE, 0
INC25-7425, Akshay K S, JUSTICE K S HEGDE INSTITUTE OF MANAGEMENT  NITTE, 0
INC25-7478, Thushar Shetty, JUSTICE K S HEGDE INSTITUTE OF MANAGEMENT  NITTE, 0
INC25-7486, Ananya rao , JUSTICE K S HEGDE INSTITUTE OF MANAGEMENT  NITTE, 0
INC25-7487, Sanchay Shetty , JUSTICE K S HEGDE INSTITUTE OF MANAGEMENT  NITTE, 0
INC25-7491, Rai Shreya , JUSTICE K S HEGDE INSTITUTE OF MANAGEMENT  NITTE, 0
INC25-7498, Srujan Shetty, JUSTICE K S HEGDE INSTITUTE OF MANAGEMENT  NITTE, 0
INC25-7516, Rohil, JUSTICE K S HEGDE INSTITUTE OF MANAGEMENT  NITTE, 0
INC25-7531, Shamanth, JUSTICE K S HEGDE INSTITUTE OF MANAGEMENT  NITTE, 0
INC25-7546, Suniksha Shetty, JUSTICE K S HEGDE INSTITUTE OF MANAGEMENT  NITTE, 0
INC25-7573, Shreya Rao S, JUSTICE K S HEGDE INSTITUTE OF MANAGEMENT  NITTE, 0
INC25-7582, Anchith Sanyu Ephraim, JUSTICE K S HEGDE INSTITUTE OF MANAGEMENT  NITTE, 0
INC25-7614, Chirali, JUSTICE K S HEGDE INSTITUTE OF MANAGEMENT  NITTE, 0
INC25-7616, Prapthi shetty k , JUSTICE K S HEGDE INSTITUTE OF MANAGEMENT  NITTE, 0
INC25-7653, Nanditha , JUSTICE K S HEGDE INSTITUTE OF MANAGEMENT  NITTE, 0
INC25-7870, Abhinav Teotia, JUSTICE K S HEGDE INSTITUTE OF MANAGEMENT  NITTE, 0
INC25-7898, Khushi, JUSTICE K S HEGDE INSTITUTE OF MANAGEMENT  NITTE, 0
INC25-7901, Saisanketh R, JUSTICE K S HEGDE INSTITUTE OF MANAGEMENT  NITTE, 0
INC25-7902, Deepthi , JUSTICE K S HEGDE INSTITUTE OF MANAGEMENT  NITTE, 0
INC25-7903, Deepthi , JUSTICE K S HEGDE INSTITUTE OF MANAGEMENT  NITTE, 0
INC25-7907, Bhargavi, JUSTICE K S HEGDE INSTITUTE OF MANAGEMENT  NITTE, 0
INC25-7909, Rakshita shetty , JUSTICE K S HEGDE INSTITUTE OF MANAGEMENT  NITTE, 0
INC25-7916, Shreenidhi, JUSTICE K S HEGDE INSTITUTE OF MANAGEMENT  NITTE, 0
INC25-7917, Rakshita shetty , JUSTICE K S HEGDE INSTITUTE OF MANAGEMENT  NITTE, 0
INC25-7923, Sneha S, JUSTICE K S HEGDE INSTITUTE OF MANAGEMENT  NITTE, 0
INC25-7924, Shakshitha , JUSTICE K S HEGDE INSTITUTE OF MANAGEMENT  NITTE, 0
INC25-7930, Anisha, JUSTICE K S HEGDE INSTITUTE OF MANAGEMENT  NITTE, 0
INC25-7933, Shreya  j shetty, JUSTICE K S HEGDE INSTITUTE OF MANAGEMENT  NITTE, 0
INC25-7936, Varsha, JUSTICE K S HEGDE INSTITUTE OF MANAGEMENT  NITTE, 0
INC25-7938, Disha, JUSTICE K S HEGDE INSTITUTE OF MANAGEMENT  NITTE, 0
INC25-7943, Disha B , JUSTICE K S HEGDE INSTITUTE OF MANAGEMENT  NITTE, 0
INC25-7945, Disha B, JUSTICE K S HEGDE INSTITUTE OF MANAGEMENT  NITTE, 0
INC25-7958, Sumith , JUSTICE K S HEGDE INSTITUTE OF MANAGEMENT  NITTE, 0
INC25-7963, Shreya shetty, JUSTICE K S HEGDE INSTITUTE OF MANAGEMENT  NITTE, 0
INC25-7964, Shravya, JUSTICE K S HEGDE INSTITUTE OF MANAGEMENT  NITTE, 0
INC25-7965, Anoushka, JUSTICE K S HEGDE INSTITUTE OF MANAGEMENT  NITTE, 0
INC25-7967, Dhrithi K Suvarna, JUSTICE K S HEGDE INSTITUTE OF MANAGEMENT  NITTE, 0
INC25-7973, Dhrithi K Suvarna , JUSTICE K S HEGDE INSTITUTE OF MANAGEMENT  NITTE, 0
INC25-7975, Shourya s hegde , JUSTICE K S HEGDE INSTITUTE OF MANAGEMENT  NITTE, 0
INC25-7976, Anoushka , JUSTICE K S HEGDE INSTITUTE OF MANAGEMENT  NITTE, 0
INC25-7983, Jayashri Pai, JUSTICE K S HEGDE INSTITUTE OF MANAGEMENT  NITTE, 0
INC25-7984, Prakrithi karkets, JUSTICE K S HEGDE INSTITUTE OF MANAGEMENT  NITTE, 0
INC25-7992, Prakrithi Praveen Karkera, JUSTICE K S HEGDE INSTITUTE OF MANAGEMENT  NITTE, 0
INC25-8052, Rashmi, JUSTICE K S HEGDE INSTITUTE OF MANAGEMENT  NITTE, 0
INC25-8054, S Bhoomika shetty, JUSTICE K S HEGDE INSTITUTE OF MANAGEMENT  NITTE, 0
INC25-8100, Aditya J Salian , JUSTICE K S HEGDE INSTITUTE OF MANAGEMENT  NITTE, 0
INC25-8110, Sanath Kumar shetty, JUSTICE K S HEGDE INSTITUTE OF MANAGEMENT  NITTE, 0
INC25-8113, Aditi shetty, JUSTICE K S HEGDE INSTITUTE OF MANAGEMENT  NITTE, 0
INC25-8157, Shamitha , JUSTICE K S HEGDE INSTITUTE OF MANAGEMENT  NITTE, 0
