PID, User name, College Name, No. of events attended
INC25-0653, Adithya, K.S. HEGDE MEDICAL ACADEMY, 0
INC25-0794, Sadhana hebbar, K.S. HEGDE MEDICAL ACADEMY, 0
INC25-0891, Dikshita prathap , K.S. HEGDE MEDICAL ACADEMY, 0
INC25-0941, Anushka , K.S. HEGDE MEDICAL ACADEMY, 0
INC25-1017, Vishwa Teja, K.S. HEGDE MEDICAL ACADEMY, 0
INC25-1228, Akshit jain, K.S. HEGDE MEDICAL ACADEMY, 0
INC25-1231, Ayushmaan gupta, K.S. HEGDE MEDICAL ACADEMY, 0
INC25-1232, Jatin, K.S. HEGDE MEDICAL ACADEMY, 0
INC25-1234, Vishal, K.S. HEGDE MEDICAL ACADEMY, 0
INC25-1239, Vraj Kadakia, K.S. HEGDE MEDICAL ACADEMY, 0
INC25-1240, Siddharth kumar, K.S. HEGDE MEDICAL ACADEMY, 0
INC25-1242, Anmol Sharma, K.S. HEGDE MEDICAL ACADEMY, 0
INC25-1244, Jhanvi Bagaria, K.S. HEGDE MEDICAL ACADEMY, 0
INC25-1262, Shubh Singh, K.S. HEGDE MEDICAL ACADEMY, 0
INC25-1295, Nishant Agarwal , K.S. HEGDE MEDICAL ACADEMY, 0
INC25-1324, Shubham soni pal, K.S. HEGDE MEDICAL ACADEMY, 0
INC25-1326, Raghav Agarwal, K.S. HEGDE MEDICAL ACADEMY, 0
INC25-1327, Yashwita Rai, K.S. HEGDE MEDICAL ACADEMY, 0
INC25-1347, Gauri, K.S. HEGDE MEDICAL ACADEMY, 0
INC25-1348, Gayathri, K.S. HEGDE MEDICAL ACADEMY, 0
INC25-1349, Drisya, K.S. HEGDE MEDICAL ACADEMY, 0
INC25-1350, Geo Cyriac Bijy, K.S. HEGDE MEDICAL ACADEMY, 0
INC25-1356, HARIVISHNU , K.S. HEGDE MEDICAL ACADEMY, 0
INC25-1369, Keerthana Lingam, K.S. HEGDE MEDICAL ACADEMY, 0
INC25-1392, Indrajith, K.S. HEGDE MEDICAL ACADEMY, 0
INC25-1402, Avni Modi, K.S. HEGDE MEDICAL ACADEMY, 0
INC25-1419, Krishnendu , K.S. HEGDE MEDICAL ACADEMY, 0
INC25-1424, Jyothi Iyer, K.S. HEGDE MEDICAL ACADEMY, 0
INC25-1425, Kritika Chaudhary , K.S. HEGDE MEDICAL ACADEMY, 0
INC25-1427, Kshitiz, K.S. HEGDE MEDICAL ACADEMY, 0
INC25-1429, Krishna Agrawal, K.S. HEGDE MEDICAL ACADEMY, 0
INC25-1448, Lakshmi Pramod, K.S. HEGDE MEDICAL ACADEMY, 0
INC25-1464, Mili Tom, K.S. HEGDE MEDICAL ACADEMY, 0
INC25-1467, Jefin John, K.S. HEGDE MEDICAL ACADEMY, 0
INC25-1473, Apoorva R, K.S. HEGDE MEDICAL ACADEMY, 0
INC25-1483, Apoorva R, K.S. HEGDE MEDICAL ACADEMY, 0
INC25-1563, Janhavi Sharma , K.S. HEGDE MEDICAL ACADEMY, 0
INC25-1637, Dev, K.S. HEGDE MEDICAL ACADEMY, 0
INC25-1638, Ishita , K.S. HEGDE MEDICAL ACADEMY, 0
INC25-1663, Dhruvika , K.S. HEGDE MEDICAL ACADEMY, 0
INC25-1678, Arushi Mangla, K.S. HEGDE MEDICAL ACADEMY, 0
INC25-1888, Manav Arora , K.S. HEGDE MEDICAL ACADEMY, 0
INC25-2048, Garima, K.S. HEGDE MEDICAL ACADEMY, 0
INC25-2058, Shreya Pathak , K.S. HEGDE MEDICAL ACADEMY, 0
INC25-2087, Anima Barnwal , K.S. HEGDE MEDICAL ACADEMY, 0
INC25-2237, Lizbeth Benoy, K.S. HEGDE MEDICAL ACADEMY, 0
INC25-2290, Shobin, K.S. HEGDE MEDICAL ACADEMY, 0
INC25-2702, Aditya Kharb, K.S. HEGDE MEDICAL ACADEMY, 0
INC25-2740, Soham Singh Chauhan , K.S. HEGDE MEDICAL ACADEMY, 0
INC25-2744, Soham Singh Chauhan, K.S. HEGDE MEDICAL ACADEMY, 0
INC25-2762, UTKARSH GUPTA, K.S. HEGDE MEDICAL ACADEMY, 0
INC25-2773, Himani Yadav, K.S. HEGDE MEDICAL ACADEMY, 0
INC25-2775, SAMPADHA, K.S. HEGDE MEDICAL ACADEMY, 0
INC25-2791, Abhigyan Abhinandan, K.S. HEGDE MEDICAL ACADEMY, 0
INC25-2843, Keshavraj singh , K.S. HEGDE MEDICAL ACADEMY, 0
INC25-2904, Soumyodeep banerjee , K.S. HEGDE MEDICAL ACADEMY, 0
INC25-2907, Richiknilay Saha, K.S. HEGDE MEDICAL ACADEMY, 0
INC25-2967, Swathi Sajeesh, K.S. HEGDE MEDICAL ACADEMY, 0
INC25-2968, Anusha K S, K.S. HEGDE MEDICAL ACADEMY, 0
INC25-2972, Soorya Kishore, K.S. HEGDE MEDICAL ACADEMY, 0
INC25-2973, Mahima Bisht , K.S. HEGDE MEDICAL ACADEMY, 0
INC25-2975, Priya Mahto, K.S. HEGDE MEDICAL ACADEMY, 0
INC25-2976, Nishant , K.S. HEGDE MEDICAL ACADEMY, 0
INC25-2977, Sreelakshmi k, K.S. HEGDE MEDICAL ACADEMY, 0
INC25-2979, Atharv Patil, K.S. HEGDE MEDICAL ACADEMY, 0
INC25-2982, palkee goswami, K.S. HEGDE MEDICAL ACADEMY, 0
INC25-2983, Kuhuk, K.S. HEGDE MEDICAL ACADEMY, 0
INC25-2984, Sandra V, K.S. HEGDE MEDICAL ACADEMY, 0
INC25-2985, Preethi T N , K.S. HEGDE MEDICAL ACADEMY, 0
INC25-2986, Ashtami Manoj, K.S. HEGDE MEDICAL ACADEMY, 0
INC25-2987, Adhya Santhosh, K.S. HEGDE MEDICAL ACADEMY, 0
INC25-2988, Ranjana Raj , K.S. HEGDE MEDICAL ACADEMY, 0
INC25-2989, Nikita Senthilkumar , K.S. HEGDE MEDICAL ACADEMY, 0
INC25-2992, Riya Pathania, K.S. HEGDE MEDICAL ACADEMY, 0
INC25-2993, Mehak Kedia, K.S. HEGDE MEDICAL ACADEMY, 0
INC25-2994, Nandhana Renjith, K.S. HEGDE MEDICAL ACADEMY, 0
INC25-2995, Harshitha shree, K.S. HEGDE MEDICAL ACADEMY, 0
INC25-2997, Ila Sankari, K.S. HEGDE MEDICAL ACADEMY, 0
INC25-2999, Daiwik Ahuja, K.S. HEGDE MEDICAL ACADEMY, 0
INC25-3000, Harshima, K.S. HEGDE MEDICAL ACADEMY, 0
INC25-3001, Mahika S, K.S. HEGDE MEDICAL ACADEMY, 0
INC25-3007, Radhika , K.S. HEGDE MEDICAL ACADEMY, 0
INC25-3008, anya, K.S. HEGDE MEDICAL ACADEMY, 0
INC25-3009, Mahika Pradhan, K.S. HEGDE MEDICAL ACADEMY, 0
INC25-3010, Mahika Pradhan, K.S. HEGDE MEDICAL ACADEMY, 0
INC25-3017, Madhuja Baidya, K.S. HEGDE MEDICAL ACADEMY, 0
INC25-3019, Deethya Seeke , K.S. HEGDE MEDICAL ACADEMY, 0
INC25-3020, Bhoomika Jain, K.S. HEGDE MEDICAL ACADEMY, 0
INC25-3021, Nanda , K.S. HEGDE MEDICAL ACADEMY, 0
INC25-3023, P.M Gayathri, K.S. HEGDE MEDICAL ACADEMY, 0
INC25-3024, Sampriti, K.S. HEGDE MEDICAL ACADEMY, 0
INC25-3026, Sreeja Samanta, K.S. HEGDE MEDICAL ACADEMY, 0
INC25-3027, Sarah rodrigues, K.S. HEGDE MEDICAL ACADEMY, 0
INC25-3029, Neha N A, K.S. HEGDE MEDICAL ACADEMY, 0
INC25-3030, Atishree Garg , K.S. HEGDE MEDICAL ACADEMY, 0
INC25-3031, Nanda , K.S. HEGDE MEDICAL ACADEMY, 0
INC25-3032, Vaidehi, K.S. HEGDE MEDICAL ACADEMY, 0
INC25-3033, Meenakshy , K.S. HEGDE MEDICAL ACADEMY, 0
INC25-3035, Nakshatra Hegde , K.S. HEGDE MEDICAL ACADEMY, 0
INC25-3036, Gayathri MK, K.S. HEGDE MEDICAL ACADEMY, 0
INC25-3039, Leann Rose Thomas, K.S. HEGDE MEDICAL ACADEMY, 0
INC25-3040, Muskaan Ramwani , K.S. HEGDE MEDICAL ACADEMY, 0
INC25-3042, Sana Padma Sritha, K.S. HEGDE MEDICAL ACADEMY, 0
INC25-3043, Saniya Aman, K.S. HEGDE MEDICAL ACADEMY, 0
INC25-3045, Vanshika Singh Bora, K.S. HEGDE MEDICAL ACADEMY, 0
INC25-3047, Kashvi Agrawal, K.S. HEGDE MEDICAL ACADEMY, 0
INC25-3048, Riya Prabhu Kundapura , K.S. HEGDE MEDICAL ACADEMY, 0
INC25-3050, Ritosri Mandal, K.S. HEGDE MEDICAL ACADEMY, 0
INC25-3053, Eshaan Ahmad, K.S. HEGDE MEDICAL ACADEMY, 0
INC25-3054, Rufina heish S J, K.S. HEGDE MEDICAL ACADEMY, 0
INC25-3056, Vanishree, K.S. HEGDE MEDICAL ACADEMY, 0
INC25-3058, Manleen Kaur , K.S. HEGDE MEDICAL ACADEMY, 0
INC25-3059, Arunima Kumar, K.S. HEGDE MEDICAL ACADEMY, 0
INC25-3060, Srimoyee Nandi , K.S. HEGDE MEDICAL ACADEMY, 0
INC25-3071, Vrishin, K.S. HEGDE MEDICAL ACADEMY, 0
INC25-3074, Tvisha Jain, K.S. HEGDE MEDICAL ACADEMY, 0
INC25-3077, Shaina , K.S. HEGDE MEDICAL ACADEMY, 0
INC25-3079, Suzaan B.S, K.S. HEGDE MEDICAL ACADEMY, 0
INC25-3084, Sneh Srivastava, K.S. HEGDE MEDICAL ACADEMY, 0
INC25-3087, Druthi Ganesh, K.S. HEGDE MEDICAL ACADEMY, 0
INC25-3090, Ananya R Nair, K.S. HEGDE MEDICAL ACADEMY, 0
INC25-3093, Kiara Gajjar, K.S. HEGDE MEDICAL ACADEMY, 0
INC25-3101, Harshitha J Ganagi, K.S. HEGDE MEDICAL ACADEMY, 0
INC25-3102, Sana Padma Sritha , K.S. HEGDE MEDICAL ACADEMY, 0
INC25-3113, Tanisha, K.S. HEGDE MEDICAL ACADEMY, 0
INC25-3120, Ananya Prasad, K.S. HEGDE MEDICAL ACADEMY, 0
INC25-3123, PRABAL BANSAL , K.S. HEGDE MEDICAL ACADEMY, 0
INC25-3146, Lis Joseph , K.S. HEGDE MEDICAL ACADEMY, 0
INC25-3155, Tanvi Ritisha Dash , K.S. HEGDE MEDICAL ACADEMY, 0
INC25-3162, Sanvi Pawar R, K.S. HEGDE MEDICAL ACADEMY, 0
INC25-3171, Tharunika K, K.S. HEGDE MEDICAL ACADEMY, 0
INC25-3172, Aasima Naik, K.S. HEGDE MEDICAL ACADEMY, 0
INC25-3319, Abhay Ashik, K.S. HEGDE MEDICAL ACADEMY, 0
INC25-3434, Mohammed athif, K.S. HEGDE MEDICAL ACADEMY, 0
INC25-3506, Siddhant Sinha , K.S. HEGDE MEDICAL ACADEMY, 0
INC25-3513, Abhay Ashik, K.S. HEGDE MEDICAL ACADEMY, 0
INC25-3519, Ramesh, K.S. HEGDE MEDICAL ACADEMY, 0
INC25-3525, Kalpit Sharma , K.S. HEGDE MEDICAL ACADEMY, 0
INC25-3588, Shrishti, K.S. HEGDE MEDICAL ACADEMY, 0
INC25-3648, Noela Emily, K.S. HEGDE MEDICAL ACADEMY, 0
INC25-3653, Milin, K.S. HEGDE MEDICAL ACADEMY, 0
INC25-3669, Sharvari , K.S. HEGDE MEDICAL ACADEMY, 0
INC25-3686, Laranya Aryan, K.S. HEGDE MEDICAL ACADEMY, 0
INC25-3865, JASWANTH , K.S. HEGDE MEDICAL ACADEMY, 0
INC25-3888, Tanmay Samaiyar, K.S. HEGDE MEDICAL ACADEMY, 0
INC25-3904, Yashmit shettyy, K.S. HEGDE MEDICAL ACADEMY, 0
INC25-3949, Shriram Sambarey, K.S. HEGDE MEDICAL ACADEMY, 0
INC25-3950, Ananay, K.S. HEGDE MEDICAL ACADEMY, 0
INC25-3951, Atharva Karnik , K.S. HEGDE MEDICAL ACADEMY, 0
INC25-3972, Sucharita Ghosh, K.S. HEGDE MEDICAL ACADEMY, 0
INC25-3998, Dhruv agarwal , K.S. HEGDE MEDICAL ACADEMY, 0
INC25-3999, Anuradha Gupta, K.S. HEGDE MEDICAL ACADEMY, 0
INC25-4000, Biprojit Roy, K.S. HEGDE MEDICAL ACADEMY, 0
INC25-4006, Aanchal, K.S. HEGDE MEDICAL ACADEMY, 0
INC25-4011, Adrish Chowdhury, K.S. HEGDE MEDICAL ACADEMY, 0
INC25-4061, Bhuvan R, K.S. HEGDE MEDICAL ACADEMY, 0
INC25-4063, Satwika , K.S. HEGDE MEDICAL ACADEMY, 0
INC25-4081, Pranjul , K.S. HEGDE MEDICAL ACADEMY, 0
INC25-4099, Aprajita , K.S. HEGDE MEDICAL ACADEMY, 0
INC25-4102, Anushka Singh, K.S. HEGDE MEDICAL ACADEMY, 0
INC25-4127, Nehall, K.S. HEGDE MEDICAL ACADEMY, 0
INC25-4134, Abhijat Mishra, K.S. HEGDE MEDICAL ACADEMY, 0
INC25-4135, Nehal, K.S. HEGDE MEDICAL ACADEMY, 0
INC25-4154, Ayushi k, K.S. HEGDE MEDICAL ACADEMY, 0
INC25-4165, Riddhima , K.S. HEGDE MEDICAL ACADEMY, 0
INC25-4178, ellen, K.S. HEGDE MEDICAL ACADEMY, 0
INC25-4201, Arnav Jamuar, K.S. HEGDE MEDICAL ACADEMY, 0
INC25-4236, Saksham Gupta , K.S. HEGDE MEDICAL ACADEMY, 0
INC25-4237, Aryan Sharma, K.S. HEGDE MEDICAL ACADEMY, 0
INC25-4312, Ananya Marla , K.S. HEGDE MEDICAL ACADEMY, 0
INC25-4347, Mukul aggarwal, K.S. HEGDE MEDICAL ACADEMY, 0
INC25-4350, Gaurav Verma, K.S. HEGDE MEDICAL ACADEMY, 0
INC25-4359, Dhruv Godara, K.S. HEGDE MEDICAL ACADEMY, 0
INC25-4365, Nakul Taparia , K.S. HEGDE MEDICAL ACADEMY, 0
INC25-4372, Preisha P Kayal , K.S. HEGDE MEDICAL ACADEMY, 0
INC25-4481, Ziyad Zakir, K.S. HEGDE MEDICAL ACADEMY, 0
INC25-4616, Amanjot kaur, K.S. HEGDE MEDICAL ACADEMY, 0
INC25-4801, Patli, K.S. HEGDE MEDICAL ACADEMY, 0
INC25-5038, Shaika Equbal , K.S. HEGDE MEDICAL ACADEMY, 0
INC25-5110, Sarthak, K.S. HEGDE MEDICAL ACADEMY, 0
INC25-5397, Shivani Bhat, K.S. HEGDE MEDICAL ACADEMY, 0
INC25-5639, PAVITRA K M , K.S. HEGDE MEDICAL ACADEMY, 0
INC25-5663, varuni desai, K.S. HEGDE MEDICAL ACADEMY, 0
INC25-5678, Ananya Rai, K.S. HEGDE MEDICAL ACADEMY, 0
INC25-5681, Mohammad Zaid, K.S. HEGDE MEDICAL ACADEMY, 0
INC25-5682, Vaibhav vashisth, K.S. HEGDE MEDICAL ACADEMY, 0
INC25-5704, Muhammad Arsh Arif Bawa, K.S. HEGDE MEDICAL ACADEMY, 0
INC25-5775, Mayank Agarwal, K.S. HEGDE MEDICAL ACADEMY, 0
INC25-5930, Awadhoot Karve, K.S. HEGDE MEDICAL ACADEMY, 0
INC25-5979, Vaishnavi Kulkarni , K.S. HEGDE MEDICAL ACADEMY, 0
INC25-6036, Poorva Mahajan , K.S. HEGDE MEDICAL ACADEMY, 0
INC25-6089, Kamna, K.S. HEGDE MEDICAL ACADEMY, 0
INC25-6184, KRISHNANUNNY MENON. C, K.S. HEGDE MEDICAL ACADEMY, 0
INC25-6187, Gopika, K.S. HEGDE MEDICAL ACADEMY, 0
INC25-6239, Gokul , K.S. HEGDE MEDICAL ACADEMY, 0
INC25-6256, Budhala Gireesh, K.S. HEGDE MEDICAL ACADEMY, 0
INC25-6285, Abhishek Naresh, K.S. HEGDE MEDICAL ACADEMY, 0
INC25-6354, Rajasree R, K.S. HEGDE MEDICAL ACADEMY, 0
INC25-6456, Ayush kumar, K.S. HEGDE MEDICAL ACADEMY, 0
INC25-6776, Devasvi Atul Deshpande , K.S. HEGDE MEDICAL ACADEMY, 0
INC25-6783, Faris, K.S. HEGDE MEDICAL ACADEMY, 0
INC25-6865, Biprojit Roy, K.S. HEGDE MEDICAL ACADEMY, 0
INC25-6885, Nita , K.S. HEGDE MEDICAL ACADEMY, 0
INC25-6931, Ayod Mishra, K.S. HEGDE MEDICAL ACADEMY, 0
INC25-6932, Ayushi Vats, K.S. HEGDE MEDICAL ACADEMY, 0
INC25-6933, Harshit Sharma, K.S. HEGDE MEDICAL ACADEMY, 0
INC25-6938, Dhatri Harsh, K.S. HEGDE MEDICAL ACADEMY, 0
INC25-6950, Shimrana Alam, K.S. HEGDE MEDICAL ACADEMY, 0
INC25-6956, Nehall, K.S. HEGDE MEDICAL ACADEMY, 0
INC25-6972, Anannya Anupamaa , K.S. HEGDE MEDICAL ACADEMY, 0
INC25-6973, Asmita Sharma, K.S. HEGDE MEDICAL ACADEMY, 0
INC25-6986, Shreyam, K.S. HEGDE MEDICAL ACADEMY, 0
INC25-7000, Arjun, K.S. HEGDE MEDICAL ACADEMY, 0
INC25-7010, Ekta , K.S. HEGDE MEDICAL ACADEMY, 0
INC25-7018, Kshitiz, K.S. HEGDE MEDICAL ACADEMY, 0
INC25-7023, Harshika Agarwal , K.S. HEGDE MEDICAL ACADEMY, 0
INC25-7034, Sarki Gupta, K.S. HEGDE MEDICAL ACADEMY, 0
INC25-7049, Ananya , K.S. HEGDE MEDICAL ACADEMY, 0
INC25-7056, Fathima aazmeen, K.S. HEGDE MEDICAL ACADEMY, 0
INC25-7068, Dewanshi Singh , K.S. HEGDE MEDICAL ACADEMY, 0
INC25-7075, Arya Rajesh Nayak, K.S. HEGDE MEDICAL ACADEMY, 0
INC25-7082, Kirti Kamya, K.S. HEGDE MEDICAL ACADEMY, 0
INC25-7089, Radhika Chaturvedi , K.S. HEGDE MEDICAL ACADEMY, 0
INC25-7109, Sanjay, K.S. HEGDE MEDICAL ACADEMY, 0
INC25-7139, swati sahu, K.S. HEGDE MEDICAL ACADEMY, 0
INC25-7157, Sakshi Pandey, K.S. HEGDE MEDICAL ACADEMY, 0
INC25-7158, Fozia Alam , K.S. HEGDE MEDICAL ACADEMY, 0
INC25-7161, Aranya Sinha, K.S. HEGDE MEDICAL ACADEMY, 0
INC25-7170, Kirti atri, K.S. HEGDE MEDICAL ACADEMY, 0
INC25-7175, Ayush Rajesh Pathak , K.S. HEGDE MEDICAL ACADEMY, 0
INC25-7192, Prashin shetty, K.S. HEGDE MEDICAL ACADEMY, 0
INC25-7243, Sakshi Bukkanure , K.S. HEGDE MEDICAL ACADEMY, 0
INC25-7245, Jordana Durai, K.S. HEGDE MEDICAL ACADEMY, 0
INC25-7250, Anushka Sasi, K.S. HEGDE MEDICAL ACADEMY, 0
INC25-7252, Hritumbara Mulik , K.S. HEGDE MEDICAL ACADEMY, 0
INC25-7312, Mohith G S, K.S. HEGDE MEDICAL ACADEMY, 0
INC25-7340, Tanaya , K.S. HEGDE MEDICAL ACADEMY, 0
INC25-7349, Pranjul , K.S. HEGDE MEDICAL ACADEMY, 0
INC25-7362, Keane Arun, K.S. HEGDE MEDICAL ACADEMY, 0
INC25-7415, riya ghosh, K.S. HEGDE MEDICAL ACADEMY, 0
INC25-7416, Krishna Mohapatra, K.S. HEGDE MEDICAL ACADEMY, 0
INC25-7431, Shravani  Ithape , K.S. HEGDE MEDICAL ACADEMY, 0
INC25-7464, Saurabh Dubey, K.S. HEGDE MEDICAL ACADEMY, 0
INC25-7501, Mayuri Singh , K.S. HEGDE MEDICAL ACADEMY, 0
INC25-7510, Rahul Roy, K.S. HEGDE MEDICAL ACADEMY, 0
INC25-7524, Gautham, K.S. HEGDE MEDICAL ACADEMY, 0
INC25-7533, Aryaman , K.S. HEGDE MEDICAL ACADEMY, 0
INC25-7536, Niharika, K.S. HEGDE MEDICAL ACADEMY, 0
INC25-7538, Arya RS , K.S. HEGDE MEDICAL ACADEMY, 0
INC25-7557, Jayant , K.S. HEGDE MEDICAL ACADEMY, 0
INC25-7564, Yashwanth, K.S. HEGDE MEDICAL ACADEMY, 0
INC25-7574, Apoorv sehgal, K.S. HEGDE MEDICAL ACADEMY, 0
INC25-7621, Laxmi rani, K.S. HEGDE MEDICAL ACADEMY, 0
INC25-7634, Haripriya, K.S. HEGDE MEDICAL ACADEMY, 0
INC25-7647, Somya, K.S. HEGDE MEDICAL ACADEMY, 0
INC25-7651, Somya, K.S. HEGDE MEDICAL ACADEMY, 0
INC25-7659, Nandini Nair , K.S. HEGDE MEDICAL ACADEMY, 0
INC25-7663, Adarsh, K.S. HEGDE MEDICAL ACADEMY, 0
INC25-7667, Aryan Singh, K.S. HEGDE MEDICAL ACADEMY, 0
INC25-7766, Sanjana Singh, K.S. HEGDE MEDICAL ACADEMY, 0
INC25-7817, Anand Mahesh Kamath, K.S. HEGDE MEDICAL ACADEMY, 0
INC25-7818, Dhruva, K.S. HEGDE MEDICAL ACADEMY, 0
INC25-7827, Himanshi, K.S. HEGDE MEDICAL ACADEMY, 0
INC25-7840, Ishita Sriram , K.S. HEGDE MEDICAL ACADEMY, 0
INC25-7841, Soumya Singh , K.S. HEGDE MEDICAL ACADEMY, 0
INC25-7867, Shreya U.kotian , K.S. HEGDE MEDICAL ACADEMY, 0
INC25-7868, Rishabh Kant Singh , K.S. HEGDE MEDICAL ACADEMY, 0
INC25-7883, Shreya U, K.S. HEGDE MEDICAL ACADEMY, 0
INC25-7888, Lakshmi, K.S. HEGDE MEDICAL ACADEMY, 0
INC25-7894, Irin Sunny, K.S. HEGDE MEDICAL ACADEMY, 0
INC25-7897, Suman Panigrahi , K.S. HEGDE MEDICAL ACADEMY, 0
INC25-7955, Ishwari Chetan Chaudhari , K.S. HEGDE MEDICAL ACADEMY, 0
INC25-7995, Aashi Mehta, K.S. HEGDE MEDICAL ACADEMY, 0
