PID, User name, College Name, No. of events attended
INC25-1211, Lekhana V , MALNAD COLLEGE OF ENGINEERING  HASSAN, 1
INC25-1250, Kruthi H A, MALNAD COLLEGE OF ENGINEERING  HASSAN, 1
INC25-1267, Parikshith Samanth , MALNAD COLLEGE OF ENGINEERING  HASSAN, 3
INC25-1764, Poorvi Vasishta, MALNAD COLLEGE OF ENGINEERING  HASSAN, 1
INC25-2103, tharun k, MALNAD COLLEGE OF ENGINEERING  HASSAN, 0
INC25-2105, Bhoomika D M, MALNAD COLLEGE OF ENGINEERING  HASSAN, 0
INC25-3334, Nikhil Prabhu I, MALNAD COLLEGE OF ENGINEERING  HASSAN, 1
INC25-3355, Ananya Kumar , MALNAD COLLEGE OF ENGINEERING  HASSAN, 1
INC25-3356, Arha A Hegde , MALNAD COLLEGE OF ENGINEERING  HASSAN, 1
INC25-3359, samyak kp, MALNAD COLLEGE OF ENGINEERING  HASSAN, 2
INC25-3365, Yashas Gowda MN , MALNAD COLLEGE OF ENGINEERING  HASSAN, 1
INC25-3366, Praveen HM, MALNAD COLLEGE OF ENGINEERING  HASSAN, 0
INC25-3367, Praveen HM, MALNAD COLLEGE OF ENGINEERING  HASSAN, 1
INC25-3380, DeviCharan Reddy R, MALNAD COLLEGE OF ENGINEERING  HASSAN, 3
INC25-4115, Giridhar K, MALNAD COLLEGE OF ENGINEERING  HASSAN, 2
INC25-4122, Khushi H P, MALNAD COLLEGE OF ENGINEERING  HASSAN, 3
INC25-4129, Kishore Kumar N S, MALNAD COLLEGE OF ENGINEERING  HASSAN, 2
INC25-4138, Bhoomika D M, MALNAD COLLEGE OF ENGINEERING  HASSAN, 4
INC25-4142, Durga Shalini H P, MALNAD COLLEGE OF ENGINEERING  HASSAN, 5
INC25-4150, Tharun K, MALNAD COLLEGE OF ENGINEERING  HASSAN, 3
INC25-4152, Trupthi M, MALNAD COLLEGE OF ENGINEERING  HASSAN, 3
INC25-4222, Pratham H R, MALNAD COLLEGE OF ENGINEERING  HASSAN, 2
INC25-4226, Hitha B Y, MALNAD COLLEGE OF ENGINEERING  HASSAN, 1
INC25-4239, Rohan D Joel , MALNAD COLLEGE OF ENGINEERING  HASSAN, 3
INC25-4245, Rithu H K, MALNAD COLLEGE OF ENGINEERING  HASSAN, 6
INC25-4247, Abhishek A M, MALNAD COLLEGE OF ENGINEERING  HASSAN, 4
INC25-4252, Ankith P , MALNAD COLLEGE OF ENGINEERING  HASSAN, 0
INC25-4257, Ankith P, MALNAD COLLEGE OF ENGINEERING  HASSAN, 5
INC25-4263, Rudra Prasad H L, MALNAD COLLEGE OF ENGINEERING  HASSAN, 4
INC25-4274, Bhuvan Sharma H V , MALNAD COLLEGE OF ENGINEERING  HASSAN, 0
INC25-4282, Bhuvan Sharma H V , MALNAD COLLEGE OF ENGINEERING  HASSAN, 5
INC25-4291, Sukruthi Kawshik K, MALNAD COLLEGE OF ENGINEERING  HASSAN, 4
INC25-4295, Shivapriya , MALNAD COLLEGE OF ENGINEERING  HASSAN, 1
INC25-4304, Kavya , MALNAD COLLEGE OF ENGINEERING  HASSAN, 0
INC25-4307, Sanchitha, MALNAD COLLEGE OF ENGINEERING  HASSAN, 0
INC25-5224, Keerthana H N, MALNAD COLLEGE OF ENGINEERING  HASSAN, 0
INC25-5427, Gagan H N , MALNAD COLLEGE OF ENGINEERING  HASSAN, 0
