PID, User name, College Name, No. of events attended
INC25-0397, Prajna, MANGALORE INSTITUTE OF TECHNOLOGY AND ENGINEERING  MOODBIDRI, 0
INC25-0672, Jeevandeep, MANGALORE INSTITUTE OF TECHNOLOGY AND ENGINEERING  MOODBIDRI, 6
INC25-0716, Preetham G H, MANGALORE INSTITUTE OF TECHNOLOGY AND ENGINEERING  MOODBIDRI, 5
INC25-0858, Sujay P, MANGALORE INSTITUTE OF TECHNOLOGY AND ENGINEERING  MOODBIDRI, 0
INC25-0890, alok m poojary, MANGALORE INSTITUTE OF TECHNOLOGY AND ENGINEERING  MOODBIDRI, 0
INC25-0894, alok m poojary, MANGALORE INSTITUTE OF TECHNOLOGY AND ENGINEERING  MOODBIDRI, 0
INC25-0980, Vaishnavi, MANGALORE INSTITUTE OF TECHNOLOGY AND ENGINEERING  MOODBIDRI, 0
INC25-0988, Navya Fernandes , MANGALORE INSTITUTE OF TECHNOLOGY AND ENGINEERING  MOODBIDRI, 0
INC25-0991, Venkatesh, MANGALORE INSTITUTE OF TECHNOLOGY AND ENGINEERING  MOODBIDRI, 0
INC25-0992, Venkatesh, MANGALORE INSTITUTE OF TECHNOLOGY AND ENGINEERING  MOODBIDRI, 0
INC25-1009, Lloyd Moras, MANGALORE INSTITUTE OF TECHNOLOGY AND ENGINEERING  MOODBIDRI, 2
INC25-1027, Sahith Raj, MANGALORE INSTITUTE OF TECHNOLOGY AND ENGINEERING  MOODBIDRI, 2
INC25-1057, Vineeth Shettigar, MANGALORE INSTITUTE OF TECHNOLOGY AND ENGINEERING  MOODBIDRI, 0
INC25-1146, Anish Shetty S, MANGALORE INSTITUTE OF TECHNOLOGY AND ENGINEERING  MOODBIDRI, 0
INC25-1152, Rajatha N Shetty, MANGALORE INSTITUTE OF TECHNOLOGY AND ENGINEERING  MOODBIDRI, 4
INC25-1249, SUSHANTH BENDE, MANGALORE INSTITUTE OF TECHNOLOGY AND ENGINEERING  MOODBIDRI, 0
INC25-1289, Adithya Poojary, MANGALORE INSTITUTE OF TECHNOLOGY AND ENGINEERING  MOODBIDRI, 0
INC25-1290, Ujwal Acharya , MANGALORE INSTITUTE OF TECHNOLOGY AND ENGINEERING  MOODBIDRI, 0
INC25-1325, Susanna Merissa , MANGALORE INSTITUTE OF TECHNOLOGY AND ENGINEERING  MOODBIDRI, 0
INC25-1330, Sonali Umesh Yadav, MANGALORE INSTITUTE OF TECHNOLOGY AND ENGINEERING  MOODBIDRI, 1
INC25-1332, Fiona dias, MANGALORE INSTITUTE OF TECHNOLOGY AND ENGINEERING  MOODBIDRI, 0
INC25-1333, Fiona Dias, MANGALORE INSTITUTE OF TECHNOLOGY AND ENGINEERING  MOODBIDRI, 1
INC25-1335, Varun ms , MANGALORE INSTITUTE OF TECHNOLOGY AND ENGINEERING  MOODBIDRI, 1
INC25-1344, Harshil, MANGALORE INSTITUTE OF TECHNOLOGY AND ENGINEERING  MOODBIDRI, 1
INC25-1362, Bhoomika.b, MANGALORE INSTITUTE OF TECHNOLOGY AND ENGINEERING  MOODBIDRI, 1
INC25-1363, Mohammed Ali, MANGALORE INSTITUTE OF TECHNOLOGY AND ENGINEERING  MOODBIDRI, 1
INC25-1364, Athmika, MANGALORE INSTITUTE OF TECHNOLOGY AND ENGINEERING  MOODBIDRI, 1
INC25-1366, Irshita Saaksha , MANGALORE INSTITUTE OF TECHNOLOGY AND ENGINEERING  MOODBIDRI, 1
INC25-1367, Ananya, MANGALORE INSTITUTE OF TECHNOLOGY AND ENGINEERING  MOODBIDRI, 1
INC25-1373, Tejasvi J N , MANGALORE INSTITUTE OF TECHNOLOGY AND ENGINEERING  MOODBIDRI, 2
INC25-1394, Shravan Kumar, MANGALORE INSTITUTE OF TECHNOLOGY AND ENGINEERING  MOODBIDRI, 1
INC25-1396, Gowri M Shetty, MANGALORE INSTITUTE OF TECHNOLOGY AND ENGINEERING  MOODBIDRI, 1
INC25-1407, Prathik Prashanth Nullipady, MANGALORE INSTITUTE OF TECHNOLOGY AND ENGINEERING  MOODBIDRI, 1
INC25-1474, Manya jain, MANGALORE INSTITUTE OF TECHNOLOGY AND ENGINEERING  MOODBIDRI, 0
INC25-1477, Heerali G , MANGALORE INSTITUTE OF TECHNOLOGY AND ENGINEERING  MOODBIDRI, 0
INC25-1478, Samarth Ballal , MANGALORE INSTITUTE OF TECHNOLOGY AND ENGINEERING  MOODBIDRI, 0
INC25-1500, Driti Shetty, MANGALORE INSTITUTE OF TECHNOLOGY AND ENGINEERING  MOODBIDRI, 1
INC25-1534, Deekshith kumar, MANGALORE INSTITUTE OF TECHNOLOGY AND ENGINEERING  MOODBIDRI, 0
INC25-1562, Akshar Srijan, MANGALORE INSTITUTE OF TECHNOLOGY AND ENGINEERING  MOODBIDRI, 1
INC25-1666, Hudaimathsinan, MANGALORE INSTITUTE OF TECHNOLOGY AND ENGINEERING  MOODBIDRI, 0
INC25-1744, Deepthi, MANGALORE INSTITUTE OF TECHNOLOGY AND ENGINEERING  MOODBIDRI, 0
INC25-1757, Diya D Shetty, MANGALORE INSTITUTE OF TECHNOLOGY AND ENGINEERING  MOODBIDRI, 1
INC25-1872, Hudaimath Sinan, MANGALORE INSTITUTE OF TECHNOLOGY AND ENGINEERING  MOODBIDRI, 1
INC25-2309, Rathika, MANGALORE INSTITUTE OF TECHNOLOGY AND ENGINEERING  MOODBIDRI, 0
INC25-2450, Shetty Arman Seetharam, MANGALORE INSTITUTE OF TECHNOLOGY AND ENGINEERING  MOODBIDRI, 1
INC25-2456, Shravya P S , MANGALORE INSTITUTE OF TECHNOLOGY AND ENGINEERING  MOODBIDRI, 0
INC25-2474, Ayushi Rastogi , MANGALORE INSTITUTE OF TECHNOLOGY AND ENGINEERING  MOODBIDRI, 0
INC25-2477, Ayushi Rastogi , MANGALORE INSTITUTE OF TECHNOLOGY AND ENGINEERING  MOODBIDRI, 1
INC25-2523, Adithi J Rao, MANGALORE INSTITUTE OF TECHNOLOGY AND ENGINEERING  MOODBIDRI, 1
INC25-2613, Shanvith shetty, MANGALORE INSTITUTE OF TECHNOLOGY AND ENGINEERING  MOODBIDRI, 0
INC25-2636, Sameeksha sanil, MANGALORE INSTITUTE OF TECHNOLOGY AND ENGINEERING  MOODBIDRI, 0
INC25-2732, Shri krishna, MANGALORE INSTITUTE OF TECHNOLOGY AND ENGINEERING  MOODBIDRI, 0
INC25-2743, Nishmitha S Shetty , MANGALORE INSTITUTE OF TECHNOLOGY AND ENGINEERING  MOODBIDRI, 0
INC25-2772, Anis, MANGALORE INSTITUTE OF TECHNOLOGY AND ENGINEERING  MOODBIDRI, 1
INC25-2778, gautham, MANGALORE INSTITUTE OF TECHNOLOGY AND ENGINEERING  MOODBIDRI, 0
INC25-2829, Dishan shetty, MANGALORE INSTITUTE OF TECHNOLOGY AND ENGINEERING  MOODBIDRI, 0
INC25-2850, Achal M Jain, MANGALORE INSTITUTE OF TECHNOLOGY AND ENGINEERING  MOODBIDRI, 0
INC25-2886, Srajan S Nayak, MANGALORE INSTITUTE OF TECHNOLOGY AND ENGINEERING  MOODBIDRI, 0
INC25-2962, Jenisha, MANGALORE INSTITUTE OF TECHNOLOGY AND ENGINEERING  MOODBIDRI, 0
INC25-3028, Manish A H, MANGALORE INSTITUTE OF TECHNOLOGY AND ENGINEERING  MOODBIDRI, 1
INC25-3067, Roveena Dsouza , MANGALORE INSTITUTE OF TECHNOLOGY AND ENGINEERING  MOODBIDRI, 0
INC25-3069, Roveena Dsouza , MANGALORE INSTITUTE OF TECHNOLOGY AND ENGINEERING  MOODBIDRI, 0
INC25-3339, Adithi D Amin, MANGALORE INSTITUTE OF TECHNOLOGY AND ENGINEERING  MOODBIDRI, 1
INC25-3457, Saanvi Savanur, MANGALORE INSTITUTE OF TECHNOLOGY AND ENGINEERING  MOODBIDRI, 1
INC25-3488, Tundup Angdus, MANGALORE INSTITUTE OF TECHNOLOGY AND ENGINEERING  MOODBIDRI, 3
INC25-3503, Sinchana , MANGALORE INSTITUTE OF TECHNOLOGY AND ENGINEERING  MOODBIDRI, 0
INC25-3509, Samaksha , MANGALORE INSTITUTE OF TECHNOLOGY AND ENGINEERING  MOODBIDRI, 3
INC25-3511, Shivani S Anchan, MANGALORE INSTITUTE OF TECHNOLOGY AND ENGINEERING  MOODBIDRI, 0
INC25-3514, Harshitha nayak, MANGALORE INSTITUTE OF TECHNOLOGY AND ENGINEERING  MOODBIDRI, 0
INC25-3518, prajnapthi , MANGALORE INSTITUTE OF TECHNOLOGY AND ENGINEERING  MOODBIDRI, 0
INC25-3520, Thrushanth, MANGALORE INSTITUTE OF TECHNOLOGY AND ENGINEERING  MOODBIDRI, 0
INC25-3533, Pourshi V Rai , MANGALORE INSTITUTE OF TECHNOLOGY AND ENGINEERING  MOODBIDRI, 1
INC25-3536, Anushree , MANGALORE INSTITUTE OF TECHNOLOGY AND ENGINEERING  MOODBIDRI, 1
INC25-3586, Varun bg, MANGALORE INSTITUTE OF TECHNOLOGY AND ENGINEERING  MOODBIDRI, 0
INC25-3602, Niyathi , MANGALORE INSTITUTE OF TECHNOLOGY AND ENGINEERING  MOODBIDRI, 1
INC25-3632, SWASTHIK R ACHARYA, MANGALORE INSTITUTE OF TECHNOLOGY AND ENGINEERING  MOODBIDRI, 5
INC25-3633, Thanvi Kuntyana Praveen, MANGALORE INSTITUTE OF TECHNOLOGY AND ENGINEERING  MOODBIDRI, 1
INC25-3644, Kushi, MANGALORE INSTITUTE OF TECHNOLOGY AND ENGINEERING  MOODBIDRI, 0
INC25-3654, Sakshya Rai , MANGALORE INSTITUTE OF TECHNOLOGY AND ENGINEERING  MOODBIDRI, 1
INC25-3666, Sinchana Shetty , MANGALORE INSTITUTE OF TECHNOLOGY AND ENGINEERING  MOODBIDRI, 1
INC25-3670, Diya Shetty, MANGALORE INSTITUTE OF TECHNOLOGY AND ENGINEERING  MOODBIDRI, 1
INC25-3671, Sejal Bidlani, MANGALORE INSTITUTE OF TECHNOLOGY AND ENGINEERING  MOODBIDRI, 1
INC25-3672, Kushi Kulal, MANGALORE INSTITUTE OF TECHNOLOGY AND ENGINEERING  MOODBIDRI, 1
INC25-3676, A Tashvi Prasad , MANGALORE INSTITUTE OF TECHNOLOGY AND ENGINEERING  MOODBIDRI, 1
INC25-3680, Spandana, MANGALORE INSTITUTE OF TECHNOLOGY AND ENGINEERING  MOODBIDRI, 0
INC25-3681, Gagana M R , MANGALORE INSTITUTE OF TECHNOLOGY AND ENGINEERING  MOODBIDRI, 2
INC25-3699, Prakrithi P , MANGALORE INSTITUTE OF TECHNOLOGY AND ENGINEERING  MOODBIDRI, 1
INC25-3715, Narinder Bhardwaj, MANGALORE INSTITUTE OF TECHNOLOGY AND ENGINEERING  MOODBIDRI, 4
INC25-3730, Tejas, MANGALORE INSTITUTE OF TECHNOLOGY AND ENGINEERING  MOODBIDRI, 0
INC25-3772, Prathijna, MANGALORE INSTITUTE OF TECHNOLOGY AND ENGINEERING  MOODBIDRI, 1
INC25-3794, Harshitha nayak, MANGALORE INSTITUTE OF TECHNOLOGY AND ENGINEERING  MOODBIDRI, 0
INC25-3977, Abhijith salian, MANGALORE INSTITUTE OF TECHNOLOGY AND ENGINEERING  MOODBIDRI, 0
INC25-4005, Shravan Shedikaje , MANGALORE INSTITUTE OF TECHNOLOGY AND ENGINEERING  MOODBIDRI, 3
INC25-4039, Thilak, MANGALORE INSTITUTE OF TECHNOLOGY AND ENGINEERING  MOODBIDRI, 0
INC25-4059, Thushar ballal, MANGALORE INSTITUTE OF TECHNOLOGY AND ENGINEERING  MOODBIDRI, 0
INC25-4060, Joswin Sharon Mendonca, MANGALORE INSTITUTE OF TECHNOLOGY AND ENGINEERING  MOODBIDRI, 0
INC25-4072, Tharun , MANGALORE INSTITUTE OF TECHNOLOGY AND ENGINEERING  MOODBIDRI, 0
INC25-4075, Shawn , MANGALORE INSTITUTE OF TECHNOLOGY AND ENGINEERING  MOODBIDRI, 3
INC25-4076, Hrithik K, MANGALORE INSTITUTE OF TECHNOLOGY AND ENGINEERING  MOODBIDRI, 0
INC25-4100, Varsha S Rao, MANGALORE INSTITUTE OF TECHNOLOGY AND ENGINEERING  MOODBIDRI, 0
INC25-4140, Prakyath shetty, MANGALORE INSTITUTE OF TECHNOLOGY AND ENGINEERING  MOODBIDRI, 0
INC25-4303, Siddhi Sharath Shetty, MANGALORE INSTITUTE OF TECHNOLOGY AND ENGINEERING  MOODBIDRI, 1
INC25-4311, Karthik , MANGALORE INSTITUTE OF TECHNOLOGY AND ENGINEERING  MOODBIDRI, 3
INC25-4326, Karthik, MANGALORE INSTITUTE OF TECHNOLOGY AND ENGINEERING  MOODBIDRI, 0
INC25-4384, Adithya, MANGALORE INSTITUTE OF TECHNOLOGY AND ENGINEERING  MOODBIDRI, 0
INC25-4546, Kavya Nayak , MANGALORE INSTITUTE OF TECHNOLOGY AND ENGINEERING  MOODBIDRI, 2
INC25-4587, Ishan m bhandary, MANGALORE INSTITUTE OF TECHNOLOGY AND ENGINEERING  MOODBIDRI, 0
INC25-4593, ishan m bhandary, MANGALORE INSTITUTE OF TECHNOLOGY AND ENGINEERING  MOODBIDRI, 0
INC25-4595, ishan m bhandary, MANGALORE INSTITUTE OF TECHNOLOGY AND ENGINEERING  MOODBIDRI, 0
INC25-4613, Nihal Shetty, MANGALORE INSTITUTE OF TECHNOLOGY AND ENGINEERING  MOODBIDRI, 0
INC25-4637, ADITYA SHETTY, MANGALORE INSTITUTE OF TECHNOLOGY AND ENGINEERING  MOODBIDRI, 0
INC25-4652, Anusha Shetty, MANGALORE INSTITUTE OF TECHNOLOGY AND ENGINEERING  MOODBIDRI, 1
INC25-4666, Jashmitha , MANGALORE INSTITUTE OF TECHNOLOGY AND ENGINEERING  MOODBIDRI, 2
INC25-4792, atul bhat, MANGALORE INSTITUTE OF TECHNOLOGY AND ENGINEERING  MOODBIDRI, 0
INC25-4836, Aryan Johnson , MANGALORE INSTITUTE OF TECHNOLOGY AND ENGINEERING  MOODBIDRI, 0
INC25-4837, Lan Merill Jonan Karkada, MANGALORE INSTITUTE OF TECHNOLOGY AND ENGINEERING  MOODBIDRI, 1
INC25-4842, Aryan Johnson , MANGALORE INSTITUTE OF TECHNOLOGY AND ENGINEERING  MOODBIDRI, 1
INC25-4853, Ajay krishna k , MANGALORE INSTITUTE OF TECHNOLOGY AND ENGINEERING  MOODBIDRI, 1
INC25-4860, Chandusha Tammareddy, MANGALORE INSTITUTE OF TECHNOLOGY AND ENGINEERING  MOODBIDRI, 0
INC25-4862, Karthik, MANGALORE INSTITUTE OF TECHNOLOGY AND ENGINEERING  MOODBIDRI, 0
INC25-4869, Ishan m bhandary, MANGALORE INSTITUTE OF TECHNOLOGY AND ENGINEERING  MOODBIDRI, 0
INC25-4945, Harshith H Chowta , MANGALORE INSTITUTE OF TECHNOLOGY AND ENGINEERING  MOODBIDRI, 0
INC25-4947, Sharvan Shedikaje, MANGALORE INSTITUTE OF TECHNOLOGY AND ENGINEERING  MOODBIDRI, 0
INC25-4960, RIYA D NAIK, MANGALORE INSTITUTE OF TECHNOLOGY AND ENGINEERING  MOODBIDRI, 1
INC25-4965, Moinuddin chisthi, MANGALORE INSTITUTE OF TECHNOLOGY AND ENGINEERING  MOODBIDRI, 6
INC25-4981, Anvitha , MANGALORE INSTITUTE OF TECHNOLOGY AND ENGINEERING  MOODBIDRI, 0
INC25-5028, Akhil ahmed, MANGALORE INSTITUTE OF TECHNOLOGY AND ENGINEERING  MOODBIDRI, 2
INC25-5029, Nandini V C, MANGALORE INSTITUTE OF TECHNOLOGY AND ENGINEERING  MOODBIDRI, 1
INC25-5033, Pratheek A G, MANGALORE INSTITUTE OF TECHNOLOGY AND ENGINEERING  MOODBIDRI, 3
INC25-5036, Athmi M, MANGALORE INSTITUTE OF TECHNOLOGY AND ENGINEERING  MOODBIDRI, 1
INC25-5039, Pratheek A G, MANGALORE INSTITUTE OF TECHNOLOGY AND ENGINEERING  MOODBIDRI, 0
INC25-5048, Amshul R , MANGALORE INSTITUTE OF TECHNOLOGY AND ENGINEERING  MOODBIDRI, 3
INC25-5055, Krishna Prasad , MANGALORE INSTITUTE OF TECHNOLOGY AND ENGINEERING  MOODBIDRI, 3
INC25-5060, Rishan R, MANGALORE INSTITUTE OF TECHNOLOGY AND ENGINEERING  MOODBIDRI, 3
INC25-5091, Bhoomika , MANGALORE INSTITUTE OF TECHNOLOGY AND ENGINEERING  MOODBIDRI, 0
INC25-5122, Tushar H R, MANGALORE INSTITUTE OF TECHNOLOGY AND ENGINEERING  MOODBIDRI, 0
INC25-5220, Shravan kamath M, MANGALORE INSTITUTE OF TECHNOLOGY AND ENGINEERING  MOODBIDRI, 0
INC25-5256, Ankith shetty , MANGALORE INSTITUTE OF TECHNOLOGY AND ENGINEERING  MOODBIDRI, 2
INC25-5352, Mohammad Zuhair , MANGALORE INSTITUTE OF TECHNOLOGY AND ENGINEERING  MOODBIDRI, 1
INC25-5367, Supreeth , MANGALORE INSTITUTE OF TECHNOLOGY AND ENGINEERING  MOODBIDRI, 1
INC25-5368, Deepak k k, MANGALORE INSTITUTE OF TECHNOLOGY AND ENGINEERING  MOODBIDRI, 4
INC25-5404, Pragathi Nayak, MANGALORE INSTITUTE OF TECHNOLOGY AND ENGINEERING  MOODBIDRI, 0
INC25-5508, Ananya , MANGALORE INSTITUTE OF TECHNOLOGY AND ENGINEERING  MOODBIDRI, 0
INC25-5562, Meghana, MANGALORE INSTITUTE OF TECHNOLOGY AND ENGINEERING  MOODBIDRI, 0
INC25-5578, Swasthik Shetty, MANGALORE INSTITUTE OF TECHNOLOGY AND ENGINEERING  MOODBIDRI, 4
INC25-5580, B.Udith Nandan, MANGALORE INSTITUTE OF TECHNOLOGY AND ENGINEERING  MOODBIDRI, 2
INC25-5590, Vamshi Shetty, MANGALORE INSTITUTE OF TECHNOLOGY AND ENGINEERING  MOODBIDRI, 0
INC25-5617, Pranam K Y, MANGALORE INSTITUTE OF TECHNOLOGY AND ENGINEERING  MOODBIDRI, 2
INC25-5637, Sonal, MANGALORE INSTITUTE OF TECHNOLOGY AND ENGINEERING  MOODBIDRI, 0
INC25-5640, Pannaga , MANGALORE INSTITUTE OF TECHNOLOGY AND ENGINEERING  MOODBIDRI, 0
INC25-5854, Adarsh Devadiga , MANGALORE INSTITUTE OF TECHNOLOGY AND ENGINEERING  MOODBIDRI, 3
INC25-5978, RAGHUNATH VARMA, MANGALORE INSTITUTE OF TECHNOLOGY AND ENGINEERING  MOODBIDRI, 0
INC25-5992, Ramkrishna, MANGALORE INSTITUTE OF TECHNOLOGY AND ENGINEERING  MOODBIDRI, 2
INC25-6053, Sanvitha, MANGALORE INSTITUTE OF TECHNOLOGY AND ENGINEERING  MOODBIDRI, 0
INC25-6069, Krishna k s, MANGALORE INSTITUTE OF TECHNOLOGY AND ENGINEERING  MOODBIDRI, 0
INC25-6119, Prabhav Shetty , MANGALORE INSTITUTE OF TECHNOLOGY AND ENGINEERING  MOODBIDRI, 0
INC25-6198, Nesar, MANGALORE INSTITUTE OF TECHNOLOGY AND ENGINEERING  MOODBIDRI, 0
INC25-6232, Sanketh S, MANGALORE INSTITUTE OF TECHNOLOGY AND ENGINEERING  MOODBIDRI, 0
INC25-6327, Mohith, MANGALORE INSTITUTE OF TECHNOLOGY AND ENGINEERING  MOODBIDRI, 0
INC25-6328, Dhanya mahale, MANGALORE INSTITUTE OF TECHNOLOGY AND ENGINEERING  MOODBIDRI, 0
INC25-6351, Reon Dantis, MANGALORE INSTITUTE OF TECHNOLOGY AND ENGINEERING  MOODBIDRI, 0
INC25-6376, Pavan Naik, MANGALORE INSTITUTE OF TECHNOLOGY AND ENGINEERING  MOODBIDRI, 0
INC25-6384, Nihal , MANGALORE INSTITUTE OF TECHNOLOGY AND ENGINEERING  MOODBIDRI, 0
INC25-6386, Rakshan shetty , MANGALORE INSTITUTE OF TECHNOLOGY AND ENGINEERING  MOODBIDRI, 0
INC25-6394, Prapthi Mallinath Jain, MANGALORE INSTITUTE OF TECHNOLOGY AND ENGINEERING  MOODBIDRI, 0
INC25-6402, Rakshan shetty, MANGALORE INSTITUTE OF TECHNOLOGY AND ENGINEERING  MOODBIDRI, 0
INC25-6404, Rakshan s Shetty , MANGALORE INSTITUTE OF TECHNOLOGY AND ENGINEERING  MOODBIDRI, 0
INC25-6418, Mahesh nayak, MANGALORE INSTITUTE OF TECHNOLOGY AND ENGINEERING  MOODBIDRI, 0
INC25-6435, Harshith R Rai, MANGALORE INSTITUTE OF TECHNOLOGY AND ENGINEERING  MOODBIDRI, 0
INC25-6438, Yashwin, MANGALORE INSTITUTE OF TECHNOLOGY AND ENGINEERING  MOODBIDRI, 0
INC25-6440, Sujal Revankar, MANGALORE INSTITUTE OF TECHNOLOGY AND ENGINEERING  MOODBIDRI, 0
INC25-6502, Vamshi BV, MANGALORE INSTITUTE OF TECHNOLOGY AND ENGINEERING  MOODBIDRI, 0
INC25-6508, vamshi BV, MANGALORE INSTITUTE OF TECHNOLOGY AND ENGINEERING  MOODBIDRI, 0
INC25-6547, Abdul Rehman Sarang, MANGALORE INSTITUTE OF TECHNOLOGY AND ENGINEERING  MOODBIDRI, 1
INC25-6609, Shishira Shetty, MANGALORE INSTITUTE OF TECHNOLOGY AND ENGINEERING  MOODBIDRI, 0
INC25-6793, Sanam H Amin , MANGALORE INSTITUTE OF TECHNOLOGY AND ENGINEERING  MOODBIDRI, 0
INC25-6997, Mohammed Afnan, MANGALORE INSTITUTE OF TECHNOLOGY AND ENGINEERING  MOODBIDRI, 0
INC25-7015, Shreesha, MANGALORE INSTITUTE OF TECHNOLOGY AND ENGINEERING  MOODBIDRI, 0
INC25-7081, Shree, MANGALORE INSTITUTE OF TECHNOLOGY AND ENGINEERING  MOODBIDRI, 0
INC25-7146, Sulaksha , MANGALORE INSTITUTE OF TECHNOLOGY AND ENGINEERING  MOODBIDRI, 0
INC25-7168, Prathiksha , MANGALORE INSTITUTE OF TECHNOLOGY AND ENGINEERING  MOODBIDRI, 0
INC25-7171, Sharadhruthi S S, MANGALORE INSTITUTE OF TECHNOLOGY AND ENGINEERING  MOODBIDRI, 0
INC25-7172, Dashami N , MANGALORE INSTITUTE OF TECHNOLOGY AND ENGINEERING  MOODBIDRI, 0
INC25-7180, Disha Gowda, MANGALORE INSTITUTE OF TECHNOLOGY AND ENGINEERING  MOODBIDRI, 0
INC25-7194, Srushti, MANGALORE INSTITUTE OF TECHNOLOGY AND ENGINEERING  MOODBIDRI, 0
INC25-7279, Musaib , MANGALORE INSTITUTE OF TECHNOLOGY AND ENGINEERING  MOODBIDRI, 0
INC25-7284, Aditi , MANGALORE INSTITUTE OF TECHNOLOGY AND ENGINEERING  MOODBIDRI, 0
INC25-7339, tharun c sapaliga, MANGALORE INSTITUTE OF TECHNOLOGY AND ENGINEERING  MOODBIDRI, 0
INC25-7351, tharun , MANGALORE INSTITUTE OF TECHNOLOGY AND ENGINEERING  MOODBIDRI, 0
INC25-7369, Haneesh kulal, MANGALORE INSTITUTE OF TECHNOLOGY AND ENGINEERING  MOODBIDRI, 0
INC25-7386, Jason dsouza, MANGALORE INSTITUTE OF TECHNOLOGY AND ENGINEERING  MOODBIDRI, 0
INC25-7389, Sanjan, MANGALORE INSTITUTE OF TECHNOLOGY AND ENGINEERING  MOODBIDRI, 0
INC25-7393, Ashish Shetty , MANGALORE INSTITUTE OF TECHNOLOGY AND ENGINEERING  MOODBIDRI, 0
INC25-7397, Udith R Shettigar, MANGALORE INSTITUTE OF TECHNOLOGY AND ENGINEERING  MOODBIDRI, 0
INC25-7418, Nidhish, MANGALORE INSTITUTE OF TECHNOLOGY AND ENGINEERING  MOODBIDRI, 0
INC25-7419, Akshaya Y, MANGALORE INSTITUTE OF TECHNOLOGY AND ENGINEERING  MOODBIDRI, 0
INC25-7436, Balesh shetty, MANGALORE INSTITUTE OF TECHNOLOGY AND ENGINEERING  MOODBIDRI, 0
INC25-7437, Rohit, MANGALORE INSTITUTE OF TECHNOLOGY AND ENGINEERING  MOODBIDRI, 0
INC25-7440, Lavith M, MANGALORE INSTITUTE OF TECHNOLOGY AND ENGINEERING  MOODBIDRI, 0
INC25-7441, Srajan Kumar hegde, MANGALORE INSTITUTE OF TECHNOLOGY AND ENGINEERING  MOODBIDRI, 0
INC25-7455, Sathwik Poojary, MANGALORE INSTITUTE OF TECHNOLOGY AND ENGINEERING  MOODBIDRI, 0
INC25-7461, Adithya Jain , MANGALORE INSTITUTE OF TECHNOLOGY AND ENGINEERING  MOODBIDRI, 0
INC25-7468, Kp arun Abhijnan, MANGALORE INSTITUTE OF TECHNOLOGY AND ENGINEERING  MOODBIDRI, 0
INC25-7505, Zaeem Mohammed, MANGALORE INSTITUTE OF TECHNOLOGY AND ENGINEERING  MOODBIDRI, 0
INC25-7512, Kirthi, MANGALORE INSTITUTE OF TECHNOLOGY AND ENGINEERING  MOODBIDRI, 0
INC25-7517, Sinchana, MANGALORE INSTITUTE OF TECHNOLOGY AND ENGINEERING  MOODBIDRI, 0
INC25-7519, Chaya, MANGALORE INSTITUTE OF TECHNOLOGY AND ENGINEERING  MOODBIDRI, 0
INC25-7521, Chaya prakash, MANGALORE INSTITUTE OF TECHNOLOGY AND ENGINEERING  MOODBIDRI, 0
INC25-7522, Chaya prakash, MANGALORE INSTITUTE OF TECHNOLOGY AND ENGINEERING  MOODBIDRI, 0
INC25-7526, Chaya, MANGALORE INSTITUTE OF TECHNOLOGY AND ENGINEERING  MOODBIDRI, 0
INC25-7543, Safa Ismail, MANGALORE INSTITUTE OF TECHNOLOGY AND ENGINEERING  MOODBIDRI, 0
INC25-7570, DHANUSH S SHETTY, MANGALORE INSTITUTE OF TECHNOLOGY AND ENGINEERING  MOODBIDRI, 0
INC25-7576, Dhanush S Shetty, MANGALORE INSTITUTE OF TECHNOLOGY AND ENGINEERING  MOODBIDRI, 0
INC25-7646, Abhivruddhi Jain, MANGALORE INSTITUTE OF TECHNOLOGY AND ENGINEERING  MOODBIDRI, 0
INC25-7648, Vaibhav Sharma, MANGALORE INSTITUTE OF TECHNOLOGY AND ENGINEERING  MOODBIDRI, 0
INC25-7670, Rishab kotian, MANGALORE INSTITUTE OF TECHNOLOGY AND ENGINEERING  MOODBIDRI, 0
INC25-7673, Rishab kotian, MANGALORE INSTITUTE OF TECHNOLOGY AND ENGINEERING  MOODBIDRI, 0
INC25-7675, Thanseef, MANGALORE INSTITUTE OF TECHNOLOGY AND ENGINEERING  MOODBIDRI, 0
INC25-7676, Anurag , MANGALORE INSTITUTE OF TECHNOLOGY AND ENGINEERING  MOODBIDRI, 0
INC25-7677, Gaurav J Amin, MANGALORE INSTITUTE OF TECHNOLOGY AND ENGINEERING  MOODBIDRI, 0
INC25-7680, Anurag , MANGALORE INSTITUTE OF TECHNOLOGY AND ENGINEERING  MOODBIDRI, 0
INC25-7710, Bhandari Kartik Satish, MANGALORE INSTITUTE OF TECHNOLOGY AND ENGINEERING  MOODBIDRI, 0
INC25-7714, Eashan Poojary, MANGALORE INSTITUTE OF TECHNOLOGY AND ENGINEERING  MOODBIDRI, 0
INC25-7715, Ayesha Sayed, MANGALORE INSTITUTE OF TECHNOLOGY AND ENGINEERING  MOODBIDRI, 0
INC25-7720, Alfred Anthony , MANGALORE INSTITUTE OF TECHNOLOGY AND ENGINEERING  MOODBIDRI, 0
INC25-7734, Pratheek .., MANGALORE INSTITUTE OF TECHNOLOGY AND ENGINEERING  MOODBIDRI, 0
INC25-7821, Freya Lobo, MANGALORE INSTITUTE OF TECHNOLOGY AND ENGINEERING  MOODBIDRI, 0
INC25-7822, Shivapreetham V S, MANGALORE INSTITUTE OF TECHNOLOGY AND ENGINEERING  MOODBIDRI, 0
INC25-7826, Sinchana , MANGALORE INSTITUTE OF TECHNOLOGY AND ENGINEERING  MOODBIDRI, 0
INC25-7828, Freya Lobo, MANGALORE INSTITUTE OF TECHNOLOGY AND ENGINEERING  MOODBIDRI, 0
INC25-7845, Suhan suvarna, MANGALORE INSTITUTE OF TECHNOLOGY AND ENGINEERING  MOODBIDRI, 0
INC25-7878, Shetty Neeraj Jeevendra , MANGALORE INSTITUTE OF TECHNOLOGY AND ENGINEERING  MOODBIDRI, 0
INC25-7891, Deeptha, MANGALORE INSTITUTE OF TECHNOLOGY AND ENGINEERING  MOODBIDRI, 0
INC25-7892, charishma, MANGALORE INSTITUTE OF TECHNOLOGY AND ENGINEERING  MOODBIDRI, 0
INC25-7893, Disha prasad , MANGALORE INSTITUTE OF TECHNOLOGY AND ENGINEERING  MOODBIDRI, 0
INC25-7896, Sameeksha, MANGALORE INSTITUTE OF TECHNOLOGY AND ENGINEERING  MOODBIDRI, 0
INC25-7987, Gauresh Shetty, MANGALORE INSTITUTE OF TECHNOLOGY AND ENGINEERING  MOODBIDRI, 0
INC25-7993, Santosh , MANGALORE INSTITUTE OF TECHNOLOGY AND ENGINEERING  MOODBIDRI, 0
INC25-7999, Rakesh , MANGALORE INSTITUTE OF TECHNOLOGY AND ENGINEERING  MOODBIDRI, 0
INC25-8000, Pranam, MANGALORE INSTITUTE OF TECHNOLOGY AND ENGINEERING  MOODBIDRI, 0
INC25-8006, rakesh, MANGALORE INSTITUTE OF TECHNOLOGY AND ENGINEERING  MOODBIDRI, 0
INC25-8042, Srijan , MANGALORE INSTITUTE OF TECHNOLOGY AND ENGINEERING  MOODBIDRI, 0
INC25-8073, Akshat , MANGALORE INSTITUTE OF TECHNOLOGY AND ENGINEERING  MOODBIDRI, 0
INC25-8085, Swathi K.S, MANGALORE INSTITUTE OF TECHNOLOGY AND ENGINEERING  MOODBIDRI, 0
INC25-8091, Diksha Gowda , MANGALORE INSTITUTE OF TECHNOLOGY AND ENGINEERING  MOODBIDRI, 0
INC25-8092, Lalith Kumar , MANGALORE INSTITUTE OF TECHNOLOGY AND ENGINEERING  MOODBIDRI, 0
INC25-8096, Thrisha, MANGALORE INSTITUTE OF TECHNOLOGY AND ENGINEERING  MOODBIDRI, 0
INC25-8097, Sumskrith Nr, MANGALORE INSTITUTE OF TECHNOLOGY AND ENGINEERING  MOODBIDRI, 0
INC25-8098, Abhishek N, MANGALORE INSTITUTE OF TECHNOLOGY AND ENGINEERING  MOODBIDRI, 0
INC25-8131, sunil, MANGALORE INSTITUTE OF TECHNOLOGY AND ENGINEERING  MOODBIDRI, 0
INC25-8146, Nisheeth s kotian , MANGALORE INSTITUTE OF TECHNOLOGY AND ENGINEERING  MOODBIDRI, 0
