PID, User name, College Name, No. of events attended
INC25-0063, Swaroop Diddi, MANIPAL INSTITUTE OF TECHNOLOGY  MANIPAL, 0
INC25-0529, Samarth , MANIPAL INSTITUTE OF TECHNOLOGY  MANIPAL, 0
INC25-0801, J Sukruti Prabhu, MANIPAL INSTITUTE OF TECHNOLOGY  MANIPAL, 0
INC25-0809, Soorya M Shetty, MANIPAL INSTITUTE OF TECHNOLOGY  MANIPAL, 0
INC25-0816, Shamli shetty, MANIPAL INSTITUTE OF TECHNOLOGY  MANIPAL, 0
INC25-0869, Numaan Abubakkar, MANIPAL INSTITUTE OF TECHNOLOGY  MANIPAL, 0
INC25-0893, DHEERAJ LODHA, MANIPAL INSTITUTE OF TECHNOLOGY  MANIPAL, 0
INC25-0969, Ravish Acharya, MANIPAL INSTITUTE OF TECHNOLOGY  MANIPAL, 0
INC25-0994, Chanasyya Kommalapati, MANIPAL INSTITUTE OF TECHNOLOGY  MANIPAL, 0
INC25-1004, Shridevi jogi, MANIPAL INSTITUTE OF TECHNOLOGY  MANIPAL, 0
INC25-1049, Abhish , MANIPAL INSTITUTE OF TECHNOLOGY  MANIPAL, 0
INC25-1099, Neha V Pai , MANIPAL INSTITUTE OF TECHNOLOGY  MANIPAL, 0
INC25-1127, Kavya, MANIPAL INSTITUTE OF TECHNOLOGY  MANIPAL, 0
INC25-1134, Samrudh shetty, MANIPAL INSTITUTE OF TECHNOLOGY  MANIPAL, 0
INC25-1149, Prathiksha, MANIPAL INSTITUTE OF TECHNOLOGY  MANIPAL, 0
INC25-1165, Pranav palan, MANIPAL INSTITUTE OF TECHNOLOGY  MANIPAL, 0
INC25-1173, Samarth Manipur , MANIPAL INSTITUTE OF TECHNOLOGY  MANIPAL, 0
INC25-1175, Manish Salian, MANIPAL INSTITUTE OF TECHNOLOGY  MANIPAL, 0
INC25-1177, Mithali Suresh, MANIPAL INSTITUTE OF TECHNOLOGY  MANIPAL, 0
INC25-1178, anam, MANIPAL INSTITUTE OF TECHNOLOGY  MANIPAL, 0
INC25-1181, anam, MANIPAL INSTITUTE OF TECHNOLOGY  MANIPAL, 0
INC25-1220, Abhishek, MANIPAL INSTITUTE OF TECHNOLOGY  MANIPAL, 0
INC25-1237, Koushal, MANIPAL INSTITUTE OF TECHNOLOGY  MANIPAL, 0
INC25-1245, Mohammed Riza, MANIPAL INSTITUTE OF TECHNOLOGY  MANIPAL, 0
INC25-1284, Shreya prakash, MANIPAL INSTITUTE OF TECHNOLOGY  MANIPAL, 0
INC25-1317, Shaurya , MANIPAL INSTITUTE OF TECHNOLOGY  MANIPAL, 0
INC25-1379, Spandan Kumar Hegde, MANIPAL INSTITUTE OF TECHNOLOGY  MANIPAL, 0
INC25-1381, Alric Laren Ferrao, MANIPAL INSTITUTE OF TECHNOLOGY  MANIPAL, 0
INC25-1405, Disha Hirwani, MANIPAL INSTITUTE OF TECHNOLOGY  MANIPAL, 0
INC25-1490, Chythanya, MANIPAL INSTITUTE OF TECHNOLOGY  MANIPAL, 0
INC25-1565, Adolf Fernandes, MANIPAL INSTITUTE OF TECHNOLOGY  MANIPAL, 0
INC25-1598, Devansh Aggarwal, MANIPAL INSTITUTE OF TECHNOLOGY  MANIPAL, 0
INC25-1604, Rita , MANIPAL INSTITUTE OF TECHNOLOGY  MANIPAL, 0
INC25-1687, Akshat shetty, MANIPAL INSTITUTE OF TECHNOLOGY  MANIPAL, 0
INC25-1695, Partha Amin, MANIPAL INSTITUTE OF TECHNOLOGY  MANIPAL, 0
INC25-1727, Gopika moorko, MANIPAL INSTITUTE OF TECHNOLOGY  MANIPAL, 0
INC25-1728, Gopika Moorkoth, MANIPAL INSTITUTE OF TECHNOLOGY  MANIPAL, 0
INC25-1732, Sharanya Shetty, MANIPAL INSTITUTE OF TECHNOLOGY  MANIPAL, 0
INC25-1741, Hardik prabhu, MANIPAL INSTITUTE OF TECHNOLOGY  MANIPAL, 0
INC25-1800, Ashel , MANIPAL INSTITUTE OF TECHNOLOGY  MANIPAL, 0
INC25-1802, Sayi gyan, MANIPAL INSTITUTE OF TECHNOLOGY  MANIPAL, 0
INC25-1803, Vishal L Kharvi , MANIPAL INSTITUTE OF TECHNOLOGY  MANIPAL, 0
INC25-1812, Neeraj , MANIPAL INSTITUTE OF TECHNOLOGY  MANIPAL, 0
INC25-1873, Kushagra , MANIPAL INSTITUTE OF TECHNOLOGY  MANIPAL, 0
INC25-1890, Ankitha Bhat, MANIPAL INSTITUTE OF TECHNOLOGY  MANIPAL, 0
INC25-1913, Aditya D Shetty, MANIPAL INSTITUTE OF TECHNOLOGY  MANIPAL, 0
INC25-1937, Shraddha Rao, MANIPAL INSTITUTE OF TECHNOLOGY  MANIPAL, 0
INC25-1967, Nirwana Jain, MANIPAL INSTITUTE OF TECHNOLOGY  MANIPAL, 0
INC25-2060, Himani Makharia , MANIPAL INSTITUTE OF TECHNOLOGY  MANIPAL, 0
INC25-2245, Arun Brahmananda Bansode, MANIPAL INSTITUTE OF TECHNOLOGY  MANIPAL, 0
INC25-2389, Rajdeep Saha, MANIPAL INSTITUTE OF TECHNOLOGY  MANIPAL, 0
INC25-2424, YOGASHREE S, MANIPAL INSTITUTE OF TECHNOLOGY  MANIPAL, 0
INC25-2455, Manya Kalkur, MANIPAL INSTITUTE OF TECHNOLOGY  MANIPAL, 0
INC25-2628, Sudhanva Kalkura , MANIPAL INSTITUTE OF TECHNOLOGY  MANIPAL, 0
INC25-2692, Vamshi K, MANIPAL INSTITUTE OF TECHNOLOGY  MANIPAL, 0
INC25-2716, Jeenal riene nazareth, MANIPAL INSTITUTE OF TECHNOLOGY  MANIPAL, 0
INC25-2717, Chinmayi Upadhyay , MANIPAL INSTITUTE OF TECHNOLOGY  MANIPAL, 0
INC25-2769, Leywin Noronha, MANIPAL INSTITUTE OF TECHNOLOGY  MANIPAL, 0
INC25-2855, Avil Nazareth, MANIPAL INSTITUTE OF TECHNOLOGY  MANIPAL, 0
INC25-3057, B. Megha, MANIPAL INSTITUTE OF TECHNOLOGY  MANIPAL, 0
INC25-3197, Vighnesh Vinayak Prabhu, MANIPAL INSTITUTE OF TECHNOLOGY  MANIPAL, 0
INC25-3211, Jyesta D Shetty, MANIPAL INSTITUTE OF TECHNOLOGY  MANIPAL, 0
INC25-3212, Karthik, MANIPAL INSTITUTE OF TECHNOLOGY  MANIPAL, 0
INC25-3350, Samrakshni , MANIPAL INSTITUTE OF TECHNOLOGY  MANIPAL, 0
INC25-3352, Aarush, MANIPAL INSTITUTE OF TECHNOLOGY  MANIPAL, 0
INC25-3384, Harshitha, MANIPAL INSTITUTE OF TECHNOLOGY  MANIPAL, 0
INC25-3410, Harshitha, MANIPAL INSTITUTE OF TECHNOLOGY  MANIPAL, 0
INC25-3427, Adhya Shetty, MANIPAL INSTITUTE OF TECHNOLOGY  MANIPAL, 0
INC25-3473, Himani, MANIPAL INSTITUTE OF TECHNOLOGY  MANIPAL, 0
INC25-3504, Nikhil, MANIPAL INSTITUTE OF TECHNOLOGY  MANIPAL, 0
INC25-3543, haarri, MANIPAL INSTITUTE OF TECHNOLOGY  MANIPAL, 0
INC25-3544, Tushar , MANIPAL INSTITUTE OF TECHNOLOGY  MANIPAL, 0
INC25-3564, Akshay, MANIPAL INSTITUTE OF TECHNOLOGY  MANIPAL, 0
INC25-3582, Uttam Hegde, MANIPAL INSTITUTE OF TECHNOLOGY  MANIPAL, 0
INC25-3789, Akhilesh J, MANIPAL INSTITUTE OF TECHNOLOGY  MANIPAL, 0
INC25-3902, Dhathri , MANIPAL INSTITUTE OF TECHNOLOGY  MANIPAL, 0
INC25-3926, Vinayaka Prabhu, MANIPAL INSTITUTE OF TECHNOLOGY  MANIPAL, 0
INC25-3947, Srujan bangera, MANIPAL INSTITUTE OF TECHNOLOGY  MANIPAL, 0
INC25-3973, Vaishnavi Shetty , MANIPAL INSTITUTE OF TECHNOLOGY  MANIPAL, 0
INC25-4087, Keya Boloor, MANIPAL INSTITUTE OF TECHNOLOGY  MANIPAL, 0
INC25-4244, Althaf , MANIPAL INSTITUTE OF TECHNOLOGY  MANIPAL, 0
INC25-4269, Gowrav hegde, MANIPAL INSTITUTE OF TECHNOLOGY  MANIPAL, 0
INC25-4292, Rohan Kishore Das, MANIPAL INSTITUTE OF TECHNOLOGY  MANIPAL, 0
INC25-4315, Prathvik shetty, MANIPAL INSTITUTE OF TECHNOLOGY  MANIPAL, 0
INC25-4645, Biswajyothi , MANIPAL INSTITUTE OF TECHNOLOGY  MANIPAL, 0
INC25-4688, Karthik P Rao, MANIPAL INSTITUTE OF TECHNOLOGY  MANIPAL, 0
INC25-4718, Sanjana Hegde , MANIPAL INSTITUTE OF TECHNOLOGY  MANIPAL, 0
INC25-4807, Pramod , MANIPAL INSTITUTE OF TECHNOLOGY  MANIPAL, 0
INC25-4979, Sheethal Poojary , MANIPAL INSTITUTE OF TECHNOLOGY  MANIPAL, 0
INC25-5051, Sanskriti Chauhan, MANIPAL INSTITUTE OF TECHNOLOGY  MANIPAL, 0
INC25-5061, Hiba Sudheer, MANIPAL INSTITUTE OF TECHNOLOGY  MANIPAL, 0
INC25-5095, Mohith kumar, MANIPAL INSTITUTE OF TECHNOLOGY  MANIPAL, 0
INC25-5175, Kartik joshi, MANIPAL INSTITUTE OF TECHNOLOGY  MANIPAL, 0
INC25-5216, Ayush shetty , MANIPAL INSTITUTE OF TECHNOLOGY  MANIPAL, 0
INC25-5412, Vishwas Pai, MANIPAL INSTITUTE OF TECHNOLOGY  MANIPAL, 0
INC25-5605, Haripasad, MANIPAL INSTITUTE OF TECHNOLOGY  MANIPAL, 0
INC25-5606, Haripasad, MANIPAL INSTITUTE OF TECHNOLOGY  MANIPAL, 0
INC25-5608, Haripasad, MANIPAL INSTITUTE OF TECHNOLOGY  MANIPAL, 0
INC25-5636, Devangan Goldy, MANIPAL INSTITUTE OF TECHNOLOGY  MANIPAL, 0
INC25-5655, Yathwan prasad, MANIPAL INSTITUTE OF TECHNOLOGY  MANIPAL, 0
INC25-5657, Darsh shetty, MANIPAL INSTITUTE OF TECHNOLOGY  MANIPAL, 0
INC25-5738, Ankitha, MANIPAL INSTITUTE OF TECHNOLOGY  MANIPAL, 0
INC25-5849, Hitesh H Kotian , MANIPAL INSTITUTE OF TECHNOLOGY  MANIPAL, 0
INC25-5971, Bhargav Dhawale, MANIPAL INSTITUTE OF TECHNOLOGY  MANIPAL, 0
INC25-6063, PRATHI KOTIAN, MANIPAL INSTITUTE OF TECHNOLOGY  MANIPAL, 0
INC25-6101, Sakshi Nayak, MANIPAL INSTITUTE OF TECHNOLOGY  MANIPAL, 0
INC25-6102, Thushar, MANIPAL INSTITUTE OF TECHNOLOGY  MANIPAL, 0
INC25-6103, Nishika, MANIPAL INSTITUTE OF TECHNOLOGY  MANIPAL, 0
INC25-6113, Nishika, MANIPAL INSTITUTE OF TECHNOLOGY  MANIPAL, 0
INC25-6282, Manish shetty, MANIPAL INSTITUTE OF TECHNOLOGY  MANIPAL, 0
INC25-6284, Manish shetty, MANIPAL INSTITUTE OF TECHNOLOGY  MANIPAL, 0
INC25-6342, Harshita Pathak, MANIPAL INSTITUTE OF TECHNOLOGY  MANIPAL, 0
INC25-6350, Anirudh Shetty, MANIPAL INSTITUTE OF TECHNOLOGY  MANIPAL, 0
INC25-6427, Melcon Noronha, MANIPAL INSTITUTE OF TECHNOLOGY  MANIPAL, 0
INC25-6528, Dhanush, MANIPAL INSTITUTE OF TECHNOLOGY  MANIPAL, 0
INC25-6561, Riddhiman Ganguly, MANIPAL INSTITUTE OF TECHNOLOGY  MANIPAL, 0
INC25-6643, Akash Shet, MANIPAL INSTITUTE OF TECHNOLOGY  MANIPAL, 0
INC25-6728, Asmitha Kamath, MANIPAL INSTITUTE OF TECHNOLOGY  MANIPAL, 0
INC25-6730, Asmitha Kamath, MANIPAL INSTITUTE OF TECHNOLOGY  MANIPAL, 0
INC25-6747, Vashon, MANIPAL INSTITUTE OF TECHNOLOGY  MANIPAL, 0
INC25-7088, Vashon, MANIPAL INSTITUTE OF TECHNOLOGY  MANIPAL, 0
INC25-7095, Ayush poojary, MANIPAL INSTITUTE OF TECHNOLOGY  MANIPAL, 0
INC25-7097, Akshat shetty, MANIPAL INSTITUTE OF TECHNOLOGY  MANIPAL, 0
INC25-7173, Akshat shetty, MANIPAL INSTITUTE OF TECHNOLOGY  MANIPAL, 0
INC25-7268, Shubh khandelwal, MANIPAL INSTITUTE OF TECHNOLOGY  MANIPAL, 0
INC25-7269, Soham agarwal, MANIPAL INSTITUTE OF TECHNOLOGY  MANIPAL, 0
INC25-7270, Shaurya Verma, MANIPAL INSTITUTE OF TECHNOLOGY  MANIPAL, 0
INC25-7272, ANIKET SINGH CHAHAR, MANIPAL INSTITUTE OF TECHNOLOGY  MANIPAL, 0
INC25-7275, Shaurya Verma, MANIPAL INSTITUTE OF TECHNOLOGY  MANIPAL, 0
INC25-7277, Shaurya Verma, MANIPAL INSTITUTE OF TECHNOLOGY  MANIPAL, 0
INC25-7280, Shaurya Verma, MANIPAL INSTITUTE OF TECHNOLOGY  MANIPAL, 0
INC25-7283, Ayush Poojary , MANIPAL INSTITUTE OF TECHNOLOGY  MANIPAL, 0
INC25-7287, ANIKET SINGH CHAHAR, MANIPAL INSTITUTE OF TECHNOLOGY  MANIPAL, 0
INC25-7290, Advika , MANIPAL INSTITUTE OF TECHNOLOGY  MANIPAL, 0
INC25-7291, Shaurya Verma, MANIPAL INSTITUTE OF TECHNOLOGY  MANIPAL, 0
INC25-7306, Lakshya Subramanian, MANIPAL INSTITUTE OF TECHNOLOGY  MANIPAL, 0
INC25-7318, Sahithya Sambhrama , MANIPAL INSTITUTE OF TECHNOLOGY  MANIPAL, 0
INC25-7324, Sahithya Sambhrama , MANIPAL INSTITUTE OF TECHNOLOGY  MANIPAL, 0
INC25-7342, Ayush poojary , MANIPAL INSTITUTE OF TECHNOLOGY  MANIPAL, 0
INC25-7373, Udith, MANIPAL INSTITUTE OF TECHNOLOGY  MANIPAL, 0
INC25-7432, Shreyas, MANIPAL INSTITUTE OF TECHNOLOGY  MANIPAL, 0
INC25-7462, Nagendra S Kamath, MANIPAL INSTITUTE OF TECHNOLOGY  MANIPAL, 0
INC25-7466, Brinda, MANIPAL INSTITUTE OF TECHNOLOGY  MANIPAL, 0
INC25-7472, Brinda, MANIPAL INSTITUTE OF TECHNOLOGY  MANIPAL, 0
INC25-7492, Naomi, MANIPAL INSTITUTE OF TECHNOLOGY  MANIPAL, 0
INC25-7523, Nikhil , MANIPAL INSTITUTE OF TECHNOLOGY  MANIPAL, 0
INC25-7547, T Anupriya R Pai , MANIPAL INSTITUTE OF TECHNOLOGY  MANIPAL, 0
INC25-7572, Avani Muniyangala , MANIPAL INSTITUTE OF TECHNOLOGY  MANIPAL, 0
INC25-7575, VED KHARADE, MANIPAL INSTITUTE OF TECHNOLOGY  MANIPAL, 0
INC25-7579, Avani Muniyangala, MANIPAL INSTITUTE OF TECHNOLOGY  MANIPAL, 0
INC25-7588, Shravya , MANIPAL INSTITUTE OF TECHNOLOGY  MANIPAL, 0
INC25-7654, Ahan R Shetty, MANIPAL INSTITUTE OF TECHNOLOGY  MANIPAL, 0
INC25-7655, Preksha shetty, MANIPAL INSTITUTE OF TECHNOLOGY  MANIPAL, 0
INC25-7658, FARISH, MANIPAL INSTITUTE OF TECHNOLOGY  MANIPAL, 0
INC25-7660, Adithi, MANIPAL INSTITUTE OF TECHNOLOGY  MANIPAL, 0
INC25-7668, Aneesh Rao, MANIPAL INSTITUTE OF TECHNOLOGY  MANIPAL, 0
INC25-7669, Shruthij shetty, MANIPAL INSTITUTE OF TECHNOLOGY  MANIPAL, 0
INC25-7672, Adithi pai, MANIPAL INSTITUTE OF TECHNOLOGY  MANIPAL, 0
INC25-7750, Eden Roshni Amanna, MANIPAL INSTITUTE OF TECHNOLOGY  MANIPAL, 0
INC25-7759, Akshath, MANIPAL INSTITUTE OF TECHNOLOGY  MANIPAL, 0
INC25-7768, Akshath, MANIPAL INSTITUTE OF TECHNOLOGY  MANIPAL, 0
INC25-7773, Akshath, MANIPAL INSTITUTE OF TECHNOLOGY  MANIPAL, 0
INC25-7809, Niharika, MANIPAL INSTITUTE OF TECHNOLOGY  MANIPAL, 0
INC25-7833, Yashraj, MANIPAL INSTITUTE OF TECHNOLOGY  MANIPAL, 0
INC25-7835, Shirish, MANIPAL INSTITUTE OF TECHNOLOGY  MANIPAL, 0
INC25-7838, Rohan amin, MANIPAL INSTITUTE OF TECHNOLOGY  MANIPAL, 0
INC25-7861, parth harish, MANIPAL INSTITUTE OF TECHNOLOGY  MANIPAL, 0
INC25-7864, parth harish, MANIPAL INSTITUTE OF TECHNOLOGY  MANIPAL, 0
INC25-7873, Shannon Monteiro , MANIPAL INSTITUTE OF TECHNOLOGY  MANIPAL, 0
INC25-7884, Aishwarya Shetty, MANIPAL INSTITUTE OF TECHNOLOGY  MANIPAL, 0
INC25-7886, Shannon Monteiro , MANIPAL INSTITUTE OF TECHNOLOGY  MANIPAL, 0
INC25-7889, Nethra arun, MANIPAL INSTITUTE OF TECHNOLOGY  MANIPAL, 0
INC25-7969, matam sai sarayu, MANIPAL INSTITUTE OF TECHNOLOGY  MANIPAL, 0
INC25-7972, Disha G Poojary, MANIPAL INSTITUTE OF TECHNOLOGY  MANIPAL, 0
INC25-7982, Reshma Bhat, MANIPAL INSTITUTE OF TECHNOLOGY  MANIPAL, 0
INC25-8015, Advaith s shetty, MANIPAL INSTITUTE OF TECHNOLOGY  MANIPAL, 0
INC25-8018, A Maithri Rao, MANIPAL INSTITUTE OF TECHNOLOGY  MANIPAL, 0
INC25-8062, S SUHANI SHETTY, MANIPAL INSTITUTE OF TECHNOLOGY  MANIPAL, 0
INC25-8076, Davis Martin's , MANIPAL INSTITUTE OF TECHNOLOGY  MANIPAL, 0
INC25-8086, Kartikey Johri, MANIPAL INSTITUTE OF TECHNOLOGY  MANIPAL, 0
INC25-8111, Kritharth shetty, MANIPAL INSTITUTE OF TECHNOLOGY  MANIPAL, 0
INC25-8112, Akarsh, MANIPAL INSTITUTE OF TECHNOLOGY  MANIPAL, 0
INC25-8160, toshith pradeep, MANIPAL INSTITUTE OF TECHNOLOGY  MANIPAL, 0
