PID, User name, College Name, No. of events attended
INC25-0029, VIDITH MURTHY, NITK SURATHKAL, 0
INC25-1093, Sounak Pal, NITK SURATHKAL, 0
INC25-1168, Aniruddh, NITK SURATHKAL, 0
INC25-1206, Rohith Kalluraya K, NITK SURATHKAL, 0
INC25-1215, Pratheek Acharya, NITK SURATHKAL, 0
INC25-1241, Ninad, NITK SURATHKAL, 2
INC25-1459, Vaibhav, NITK SURATHKAL, 1
INC25-1654, Gulshan Goyal, NITK SURATHKAL, 0
INC25-1655, Ashna Sanjay Gaude , NITK SURATHKAL, 1
INC25-1974, Vishruth, NITK SURATHKAL, 0
INC25-2033, Vedant Darji, NITK SURATHKAL, 0
INC25-2036, Vedant Darji, NITK SURATHKAL, 2
INC25-2887, Vignesh Dharmendra, NITK SURATHKAL, 0
INC25-3037, Aditya Raj Pandia, NITK SURATHKAL, 1
INC25-3226, Adi nahata , NITK SURATHKAL, 0
INC25-3228, Gulshan , NITK SURATHKAL, 0
INC25-3749, Prasanna , NITK SURATHKAL, 0
INC25-4278, Vishruth V Srivatsa , NITK SURATHKAL, 2
INC25-4284, Meghana, NITK SURATHKAL, 1
INC25-4309, Tejas M, NITK SURATHKAL, 0
INC25-4429, Adhvaith, NITK SURATHKAL, 1
INC25-4433, Chinmayee Nagaraj , NITK SURATHKAL, 1
INC25-4434, Shruti Hegde, NITK SURATHKAL, 0
INC25-4441, Shruti Hegde, NITK SURATHKAL, 1
INC25-4466, Asutosh Rath, NITK SURATHKAL, 1
INC25-4467, Siddharth Sudeep , NITK SURATHKAL, 1
INC25-4468, U N Shyam Pramod, NITK SURATHKAL, 1
INC25-4470, Rushdeep Dinda, NITK SURATHKAL, 1
INC25-4471, Priyangshu Kar , NITK SURATHKAL, 1
INC25-4472, Nihal Hegde, NITK SURATHKAL, 1
INC25-4473, Anush Raj Kini , NITK SURATHKAL, 2
INC25-4474, Sarvesh Nayak, NITK SURATHKAL, 2
INC25-4475, Ananya Mishra, NITK SURATHKAL, 1
INC25-4549, Tanishq Arnav Neck, NITK SURATHKAL, 1
INC25-4567, Joel Jojo Painuthara, NITK SURATHKAL, 1
INC25-4575, Kashyap Binu, NITK SURATHKAL, 1
INC25-4710, Charuneya M, NITK SURATHKAL, 1
INC25-4715, laasica, NITK SURATHKAL, 1
INC25-4722, Aashritha , NITK SURATHKAL, 1
INC25-4726, Avish Patel , NITK SURATHKAL, 1
INC25-4727, Manjunath Sajjan, NITK SURATHKAL, 1
INC25-4730, NILAYAN MAZUMDAR, NITK SURATHKAL, 1
INC25-4735, Gulshan Goyal , NITK SURATHKAL, 1
INC25-4738, Gowrinanda R, NITK SURATHKAL, 1
INC25-4739, Gaurav Prakash, NITK SURATHKAL, 1
INC25-4743, Shaarvari Prashanth , NITK SURATHKAL, 1
INC25-4747, Tejaswini M , NITK SURATHKAL, 2
INC25-4755, Ivine, NITK SURATHKAL, 1
INC25-4761, Ashmita Das, NITK SURATHKAL, 1
INC25-4767, Riya, NITK SURATHKAL, 0
INC25-4768, Riya, NITK SURATHKAL, 1
INC25-4786, Abhijeet , NITK SURATHKAL, 1
INC25-4802, Dev Goti, NITK SURATHKAL, 0
INC25-4803, Tanushri Chavva, NITK SURATHKAL, 0
INC25-4805, jash, NITK SURATHKAL, 0
INC25-4865, Venugopal R, NITK SURATHKAL, 1
INC25-5659, Harshith C V, NITK SURATHKAL, 0
INC25-5672, Sai Chiranthan H M, NITK SURATHKAL, 0
INC25-5673, ABHISHEK B, NITK SURATHKAL, 0
INC25-5674, Abhilash gowda ar , NITK SURATHKAL, 0
INC25-5895, Gowtham, NITK SURATHKAL, 0
INC25-6217, Jayanth Kamath, NITK SURATHKAL, 0
INC25-6289, Harsh Kaladagi , NITK SURATHKAL, 0
INC25-6678, Mayur , NITK SURATHKAL, 1
INC25-6691, Suchith , NITK SURATHKAL, 1
INC25-6692, Kaushik S Nandan, NITK SURATHKAL, 1
INC25-6693, Srinanda, NITK SURATHKAL, 1
INC25-6695, Abhayjit Singh Gulati , NITK SURATHKAL, 1
INC25-6729, Abhishek Uppe , NITK SURATHKAL, 2
INC25-6734, Medhansh Shetty, NITK SURATHKAL, 2
INC25-6837, Vaishali, NITK SURATHKAL, 0
INC25-7666, P.Asish joy, NITK SURATHKAL, 0
INC25-7692, Dhruwik N Salian , NITK SURATHKAL, 0
INC25-7732, Mahadev, NITK SURATHKAL, 1
INC25-7740, Dhiren Bhandary, NITK SURATHKAL, 0
INC25-7748, Mauli Patel, NITK SURATHKAL, 0
INC25-8101, Dhiren Bhandary, NITK SURATHKAL, 0
INC25-8118, Bhavya Jain, NITK SURATHKAL, 0
INC25-8162, Harsh, NITK SURATHKAL, 0
