PID, User name, College Name, No. of events attended
INC25-1961, Sushanth ., NITTE INSTITUTE OF ARCHITECTURE, 0
INC25-1963, Drshika Dechamma, NITTE INSTITUTE OF ARCHITECTURE, 0
INC25-1965, Francisca Dsouza , NITTE INSTITUTE OF ARCHITECTURE, 0
INC25-3098, Aditya Prabhu M , NITTE INSTITUTE OF ARCHITECTURE, 2
INC25-3489, TM Shreenidhi Bhat, NITTE INSTITUTE OF ARCHITECTURE, 0
INC25-3490, TM Shreenidhi Bhat , NITTE INSTITUTE OF ARCHITECTURE, 0
INC25-3549, Kiran Madhav Kamath , NITTE INSTITUTE OF ARCHITECTURE, 2
INC25-3735, Hadiya, NITTE INSTITUTE OF ARCHITECTURE, 0
INC25-4054, Sharvari V mayya, NITTE INSTITUTE OF ARCHITECTURE, 0
INC25-4596, Lahari Tantry, NITTE INSTITUTE OF ARCHITECTURE, 0
INC25-4599, Shraddha, NITTE INSTITUTE OF ARCHITECTURE, 0
INC25-4601, Samiksha Pramod Shetty, NITTE INSTITUTE OF ARCHITECTURE, 0
INC25-4603, Anisha Crasta, NITTE INSTITUTE OF ARCHITECTURE, 0
INC25-4615, Loyce pinto , NITTE INSTITUTE OF ARCHITECTURE, 0
INC25-4638, Rajath, NITTE INSTITUTE OF ARCHITECTURE, 0
INC25-4654, Rajath, NITTE INSTITUTE OF ARCHITECTURE, 0
INC25-4780, Andrea Pais , NITTE INSTITUTE OF ARCHITECTURE, 0
INC25-4784, Andrea Pais , NITTE INSTITUTE OF ARCHITECTURE, 0
INC25-5317, Shravan, NITTE INSTITUTE OF ARCHITECTURE, 0
INC25-6845, Swapnil mendon, NITTE INSTITUTE OF ARCHITECTURE, 0
INC25-7365, neha, NITTE INSTITUTE OF ARCHITECTURE, 0
INC25-7605, Chandana Kotturu, NITTE INSTITUTE OF ARCHITECTURE, 0
INC25-8047, Lionel, NITTE INSTITUTE OF ARCHITECTURE, 0
