PID, User name, College Name, No. of events attended
INC25-0026, C shrinivasa bhat, NITTE INSTITUTE OF PROFESSIONAL EDUCATION COLLEGE  MANGALURU, 0
INC25-0059, Keerthan, NITTE INSTITUTE OF PROFESSIONAL EDUCATION COLLEGE  MANGALURU, 0
INC25-1050, Valen Mascarenhas, NITTE INSTITUTE OF PROFESSIONAL EDUCATION COLLEGE  MANGALURU, 1
INC25-1085, Rayyan Nisar, NITTE INSTITUTE OF PROFESSIONAL EDUCATION COLLEGE  MANGALURU, 1
INC25-1087, Peter Paul, NITTE INSTITUTE OF PROFESSIONAL EDUCATION COLLEGE  MANGALURU, 1
INC25-1166, Afsheen fatima , NITTE INSTITUTE OF PROFESSIONAL EDUCATION COLLEGE  MANGALURU, 0
INC25-1170, Sanjana, NITTE INSTITUTE OF PROFESSIONAL EDUCATION COLLEGE  MANGALURU, 0
INC25-1251, Lakshmeesha , NITTE INSTITUTE OF PROFESSIONAL EDUCATION COLLEGE  MANGALURU, 0
INC25-1302, Thrisha, NITTE INSTITUTE OF PROFESSIONAL EDUCATION COLLEGE  MANGALURU, 0
INC25-1315, Sakshi k shetty, NITTE INSTITUTE OF PROFESSIONAL EDUCATION COLLEGE  MANGALURU, 0
INC25-1331, Royston Cardoza, NITTE INSTITUTE OF PROFESSIONAL EDUCATION COLLEGE  MANGALURU, 0
INC25-1416, Koushik Shetty, NITTE INSTITUTE OF PROFESSIONAL EDUCATION COLLEGE  MANGALURU, 1
INC25-1519, aman poojary, NITTE INSTITUTE OF PROFESSIONAL EDUCATION COLLEGE  MANGALURU, 0
INC25-1580, Alan Lawrence Serrao , NITTE INSTITUTE OF PROFESSIONAL EDUCATION COLLEGE  MANGALURU, 0
INC25-1765, Raghavi, NITTE INSTITUTE OF PROFESSIONAL EDUCATION COLLEGE  MANGALURU, 0
INC25-1791, Mohandas n pai, NITTE INSTITUTE OF PROFESSIONAL EDUCATION COLLEGE  MANGALURU, 1
INC25-1876, Srishti s p, NITTE INSTITUTE OF PROFESSIONAL EDUCATION COLLEGE  MANGALURU, 0
INC25-1877, Adya Durgesh Kagal , NITTE INSTITUTE OF PROFESSIONAL EDUCATION COLLEGE  MANGALURU, 0
INC25-1878, varsha j, NITTE INSTITUTE OF PROFESSIONAL EDUCATION COLLEGE  MANGALURU, 0
INC25-1882, Adya Durgesh Kagal , NITTE INSTITUTE OF PROFESSIONAL EDUCATION COLLEGE  MANGALURU, 0
INC25-1883, Anika Bhandarkar, NITTE INSTITUTE OF PROFESSIONAL EDUCATION COLLEGE  MANGALURU, 0
INC25-1894, Aakash , NITTE INSTITUTE OF PROFESSIONAL EDUCATION COLLEGE  MANGALURU, 0
INC25-2147, bhoomika, NITTE INSTITUTE OF PROFESSIONAL EDUCATION COLLEGE  MANGALURU, 0
INC25-2156, Rahul Krishna S U, NITTE INSTITUTE OF PROFESSIONAL EDUCATION COLLEGE  MANGALURU, 0
INC25-2157, Pavan shetty, NITTE INSTITUTE OF PROFESSIONAL EDUCATION COLLEGE  MANGALURU, 0
INC25-2158, Pavan shetty, NITTE INSTITUTE OF PROFESSIONAL EDUCATION COLLEGE  MANGALURU, 0
INC25-2189, khushi shetty, NITTE INSTITUTE OF PROFESSIONAL EDUCATION COLLEGE  MANGALURU, 0
INC25-2381, Rahul Krishna , NITTE INSTITUTE OF PROFESSIONAL EDUCATION COLLEGE  MANGALURU, 2
INC25-2382, Rayyan Nisar, NITTE INSTITUTE OF PROFESSIONAL EDUCATION COLLEGE  MANGALURU, 0
INC25-2557, Kavana , NITTE INSTITUTE OF PROFESSIONAL EDUCATION COLLEGE  MANGALURU, 1
INC25-2632, R VRUSHTI , NITTE INSTITUTE OF PROFESSIONAL EDUCATION COLLEGE  MANGALURU, 0
INC25-2663, Mounika, NITTE INSTITUTE OF PROFESSIONAL EDUCATION COLLEGE  MANGALURU, 0
INC25-2780, Shreenidhi Kamath, NITTE INSTITUTE OF PROFESSIONAL EDUCATION COLLEGE  MANGALURU, 1
INC25-2849, Bilal Ferdeen, NITTE INSTITUTE OF PROFESSIONAL EDUCATION COLLEGE  MANGALURU, 1
INC25-2851, Swaroop S  Nadkarni, NITTE INSTITUTE OF PROFESSIONAL EDUCATION COLLEGE  MANGALURU, 1
INC25-2903, Glavin, NITTE INSTITUTE OF PROFESSIONAL EDUCATION COLLEGE  MANGALURU, 0
INC25-3301, Greeshma Shetty, NITTE INSTITUTE OF PROFESSIONAL EDUCATION COLLEGE  MANGALURU, 1
INC25-3303, Suyash Patil, NITTE INSTITUTE OF PROFESSIONAL EDUCATION COLLEGE  MANGALURU, 1
INC25-3304, Ankita, NITTE INSTITUTE OF PROFESSIONAL EDUCATION COLLEGE  MANGALURU, 1
INC25-3305, Shravya Suresha Rai, NITTE INSTITUTE OF PROFESSIONAL EDUCATION COLLEGE  MANGALURU, 1
INC25-3349, Mohammed kaif Khan, NITTE INSTITUTE OF PROFESSIONAL EDUCATION COLLEGE  MANGALURU, 0
INC25-3389, Royston Cardoza, NITTE INSTITUTE OF PROFESSIONAL EDUCATION COLLEGE  MANGALURU, 1
INC25-3390, Rishon D Souza, NITTE INSTITUTE OF PROFESSIONAL EDUCATION COLLEGE  MANGALURU, 1
INC25-3461, Delvin Derick, NITTE INSTITUTE OF PROFESSIONAL EDUCATION COLLEGE  MANGALURU, 1
INC25-4069, Ashitha, NITTE INSTITUTE OF PROFESSIONAL EDUCATION COLLEGE  MANGALURU, 1
INC25-4202, Dishanth Shetty, NITTE INSTITUTE OF PROFESSIONAL EDUCATION COLLEGE  MANGALURU, 1
INC25-4219, Chaithra, NITTE INSTITUTE OF PROFESSIONAL EDUCATION COLLEGE  MANGALURU, 1
INC25-4241, Deekshith, NITTE INSTITUTE OF PROFESSIONAL EDUCATION COLLEGE  MANGALURU, 1
INC25-4254, Sandeep Kharwar, NITTE INSTITUTE OF PROFESSIONAL EDUCATION COLLEGE  MANGALURU, 1
INC25-4256, Jithesh, NITTE INSTITUTE OF PROFESSIONAL EDUCATION COLLEGE  MANGALURU, 0
INC25-4520, Sayed Ashraf, NITTE INSTITUTE OF PROFESSIONAL EDUCATION COLLEGE  MANGALURU, 0
INC25-4612, Rudra, NITTE INSTITUTE OF PROFESSIONAL EDUCATION COLLEGE  MANGALURU, 2
INC25-4625, Nidhi, NITTE INSTITUTE OF PROFESSIONAL EDUCATION COLLEGE  MANGALURU, 0
INC25-4636, Rahish Hussain, NITTE INSTITUTE OF PROFESSIONAL EDUCATION COLLEGE  MANGALURU, 1
INC25-4996, Krathan N Shetty, NITTE INSTITUTE OF PROFESSIONAL EDUCATION COLLEGE  MANGALURU, 1
INC25-5054, Krishnendu Prasanth, NITTE INSTITUTE OF PROFESSIONAL EDUCATION COLLEGE  MANGALURU, 1
INC25-5253, Prajith Shetty, NITTE INSTITUTE OF PROFESSIONAL EDUCATION COLLEGE  MANGALURU, 1
INC25-5627, Vrathik Shenoy K, NITTE INSTITUTE OF PROFESSIONAL EDUCATION COLLEGE  MANGALURU, 0
INC25-5745, Ananya Laxmi Banan , NITTE INSTITUTE OF PROFESSIONAL EDUCATION COLLEGE  MANGALURU, 1
INC25-5748, Rakshan shetty, NITTE INSTITUTE OF PROFESSIONAL EDUCATION COLLEGE  MANGALURU, 0
INC25-5754, Pranamya Shetty , NITTE INSTITUTE OF PROFESSIONAL EDUCATION COLLEGE  MANGALURU, 1
INC25-6054, Kirti Poojary , NITTE INSTITUTE OF PROFESSIONAL EDUCATION COLLEGE  MANGALURU, 0
INC25-6064, Riya kudtarkar , NITTE INSTITUTE OF PROFESSIONAL EDUCATION COLLEGE  MANGALURU, 0
INC25-6068, Thushar, NITTE INSTITUTE OF PROFESSIONAL EDUCATION COLLEGE  MANGALURU, 0
INC25-6070, Swaroop Kumar Rai A , NITTE INSTITUTE OF PROFESSIONAL EDUCATION COLLEGE  MANGALURU, 0
INC25-6087, Jithendra Suvarna , NITTE INSTITUTE OF PROFESSIONAL EDUCATION COLLEGE  MANGALURU, 0
INC25-6291, Swaroop rai , NITTE INSTITUTE OF PROFESSIONAL EDUCATION COLLEGE  MANGALURU, 0
INC25-6377, Mohammed Sami, NITTE INSTITUTE OF PROFESSIONAL EDUCATION COLLEGE  MANGALURU, 0
INC25-6390, Sanjith. B. S, NITTE INSTITUTE OF PROFESSIONAL EDUCATION COLLEGE  MANGALURU, 0
INC25-6391, Sanjith.B.S, NITTE INSTITUTE OF PROFESSIONAL EDUCATION COLLEGE  MANGALURU, 0
INC25-6414, Araha , NITTE INSTITUTE OF PROFESSIONAL EDUCATION COLLEGE  MANGALURU, 0
INC25-6711, Adithya, NITTE INSTITUTE OF PROFESSIONAL EDUCATION COLLEGE  MANGALURU, 0
INC25-6773, Bhushan amin, NITTE INSTITUTE OF PROFESSIONAL EDUCATION COLLEGE  MANGALURU, 0
INC25-6814, Shrihari MJ, NITTE INSTITUTE OF PROFESSIONAL EDUCATION COLLEGE  MANGALURU, 0
INC25-6816, Thushar, NITTE INSTITUTE OF PROFESSIONAL EDUCATION COLLEGE  MANGALURU, 0
INC25-6821, Vivek , NITTE INSTITUTE OF PROFESSIONAL EDUCATION COLLEGE  MANGALURU, 0
INC25-6825, Shrihari MJ, NITTE INSTITUTE OF PROFESSIONAL EDUCATION COLLEGE  MANGALURU, 0
INC25-6841, Shreesha D s, NITTE INSTITUTE OF PROFESSIONAL EDUCATION COLLEGE  MANGALURU, 0
INC25-6844, Shrihari, NITTE INSTITUTE OF PROFESSIONAL EDUCATION COLLEGE  MANGALURU, 0
INC25-6894, Snehith Mb, NITTE INSTITUTE OF PROFESSIONAL EDUCATION COLLEGE  MANGALURU, 0
INC25-6911, Manvith, NITTE INSTITUTE OF PROFESSIONAL EDUCATION COLLEGE  MANGALURU, 0
INC25-7310, Riya kudtarkar, NITTE INSTITUTE OF PROFESSIONAL EDUCATION COLLEGE  MANGALURU, 0
INC25-7590, Vivek, NITTE INSTITUTE OF PROFESSIONAL EDUCATION COLLEGE  MANGALURU, 0
INC25-7596, Vivek, NITTE INSTITUTE OF PROFESSIONAL EDUCATION COLLEGE  MANGALURU, 0
INC25-7697, Abhay K, NITTE INSTITUTE OF PROFESSIONAL EDUCATION COLLEGE  MANGALURU, 0
INC25-7816, Keerthan Bhat, NITTE INSTITUTE OF PROFESSIONAL EDUCATION COLLEGE  MANGALURU, 0
INC25-8109, Rashmi Hegde K , NITTE INSTITUTE OF PROFESSIONAL EDUCATION COLLEGE  MANGALURU, 0
