PID, User name, College Name, No. of events attended
INC25-0732, Rithika Shet, NITTE INSTITUTE OF PHYSIOTHERAPY  MANGALORE, 0
INC25-1023, Shri Sai Shetty, NITTE INSTITUTE OF PHYSIOTHERAPY  MANGALORE, 0
INC25-1685, Akash shetty, NITTE INSTITUTE OF PHYSIOTHERAPY  MANGALORE, 0
INC25-1904, Bene Andrews Shibu, NITTE INSTITUTE OF PHYSIOTHERAPY  MANGALORE, 0
INC25-2026, Shreyas Ennar, NITTE INSTITUTE OF PHYSIOTHERAPY  MANGALORE, 0
INC25-2028, Shreyas, NITTE INSTITUTE OF PHYSIOTHERAPY  MANGALORE, 0
INC25-2030, Shreyas, NITTE INSTITUTE OF PHYSIOTHERAPY  MANGALORE, 2
INC25-2803, krishna , NITTE INSTITUTE OF PHYSIOTHERAPY  MANGALORE, 0
INC25-2812, Sanjana  jk, NITTE INSTITUTE OF PHYSIOTHERAPY  MANGALORE, 0
INC25-3116, Anujna Rai, NITTE INSTITUTE OF PHYSIOTHERAPY  MANGALORE, 0
INC25-4379, Nandana, NITTE INSTITUTE OF PHYSIOTHERAPY  MANGALORE, 0
INC25-4383, Megha Anil , NITTE INSTITUTE OF PHYSIOTHERAPY  MANGALORE, 0
INC25-6096, Shishir rai, NITTE INSTITUTE OF PHYSIOTHERAPY  MANGALORE, 0
INC25-6626, Gladish Binoy, NITTE INSTITUTE OF PHYSIOTHERAPY  MANGALORE, 0
INC25-6628, Gopika , NITTE INSTITUTE OF PHYSIOTHERAPY  MANGALORE, 0
INC25-8176, Pushparaj Kulal, NITTE INSTITUTE OF PHYSIOTHERAPY  MANGALORE, 0
