PID, User name, College Name, No. of events attended
INC25-1186, Shreyas , NITTE INSTITUTE OF HOSPITALITY SERVICES, 0
INC25-1874, Manish Poojary, NITTE INSTITUTE OF HOSPITALITY SERVICES, 0
INC25-2094, Anjali chikkadi, NITTE INSTITUTE OF HOSPITALITY SERVICES, 0
INC25-2945, Aliya sharif , NITTE INSTITUTE OF HOSPITALITY SERVICES, 0
INC25-3386, Darren Fernandes, NITTE INSTITUTE OF HOSPITALITY SERVICES, 0
INC25-3423, gowtham s, NITTE INSTITUTE OF HOSPITALITY SERVICES, 0
INC25-6375, Ashman abbas , NITTE INSTITUTE OF HOSPITALITY SERVICES, 0
INC25-6382, Ashman abbas, NITTE INSTITUTE OF HOSPITALITY SERVICES, 0
INC25-7860, Prarthan Rai , NITTE INSTITUTE OF HOSPITALITY SERVICES, 0
