PID, User name, College Name, No. of events attended
INC25-0761, Ananya M L, NITTE GULABI SHETTY MEMORIAL INSTITUTE OF PHARMACEUTICAL SCIENCES, 0
INC25-0782, Glanita Sweenal Dsouza , NITTE GULABI SHETTY MEMORIAL INSTITUTE OF PHARMACEUTICAL SCIENCES, 0
INC25-0820, Apeksha N S, NITTE GULABI SHETTY MEMORIAL INSTITUTE OF PHARMACEUTICAL SCIENCES, 0
INC25-0946, Shivani Amin, NITTE GULABI SHETTY MEMORIAL INSTITUTE OF PHARMACEUTICAL SCIENCES, 0
INC25-1059, Sneha Satheesh, NITTE GULABI SHETTY MEMORIAL INSTITUTE OF PHARMACEUTICAL SCIENCES, 0
INC25-1067, saachi shetty, NITTE GULABI SHETTY MEMORIAL INSTITUTE OF PHARMACEUTICAL SCIENCES, 0
INC25-1277, Celin, NITTE GULABI SHETTY MEMORIAL INSTITUTE OF PHARMACEUTICAL SCIENCES, 0
INC25-1303, Shaniya Wilson , NITTE GULABI SHETTY MEMORIAL INSTITUTE OF PHARMACEUTICAL SCIENCES, 0
INC25-1365, Nanditha A, NITTE GULABI SHETTY MEMORIAL INSTITUTE OF PHARMACEUTICAL SCIENCES, 0
INC25-1893, Ila Kodical, NITTE GULABI SHETTY MEMORIAL INSTITUTE OF PHARMACEUTICAL SCIENCES, 0
INC25-1958, Neha Kiran, NITTE GULABI SHETTY MEMORIAL INSTITUTE OF PHARMACEUTICAL SCIENCES, 0
INC25-2071, Dimple, NITTE GULABI SHETTY MEMORIAL INSTITUTE OF PHARMACEUTICAL SCIENCES, 0
INC25-2227, Abhiram V Nair, NITTE GULABI SHETTY MEMORIAL INSTITUTE OF PHARMACEUTICAL SCIENCES, 0
INC25-2229, R Sharun, NITTE GULABI SHETTY MEMORIAL INSTITUTE OF PHARMACEUTICAL SCIENCES, 0
INC25-2244, Arlyin Ajai, NITTE GULABI SHETTY MEMORIAL INSTITUTE OF PHARMACEUTICAL SCIENCES, 0
INC25-2376, Devaraj, NITTE GULABI SHETTY MEMORIAL INSTITUTE OF PHARMACEUTICAL SCIENCES, 0
INC25-3062, Shailashree aithal, NITTE GULABI SHETTY MEMORIAL INSTITUTE OF PHARMACEUTICAL SCIENCES, 0
INC25-3325, Shashank Prabhu , NITTE GULABI SHETTY MEMORIAL INSTITUTE OF PHARMACEUTICAL SCIENCES, 0
INC25-3562, Swathi, NITTE GULABI SHETTY MEMORIAL INSTITUTE OF PHARMACEUTICAL SCIENCES, 0
INC25-3569, Fathma Roohi Bint Rauf, NITTE GULABI SHETTY MEMORIAL INSTITUTE OF PHARMACEUTICAL SCIENCES, 0
INC25-3577, Gopika S, NITTE GULABI SHETTY MEMORIAL INSTITUTE OF PHARMACEUTICAL SCIENCES, 0
INC25-3578, Akhila S, NITTE GULABI SHETTY MEMORIAL INSTITUTE OF PHARMACEUTICAL SCIENCES, 0
INC25-3674, Amala mariya Stephan , NITTE GULABI SHETTY MEMORIAL INSTITUTE OF PHARMACEUTICAL SCIENCES, 0
INC25-3685, Nihara k, NITTE GULABI SHETTY MEMORIAL INSTITUTE OF PHARMACEUTICAL SCIENCES, 0
INC25-3732, Hemiya Enoshiya, NITTE GULABI SHETTY MEMORIAL INSTITUTE OF PHARMACEUTICAL SCIENCES, 0
INC25-3741, Pratham, NITTE GULABI SHETTY MEMORIAL INSTITUTE OF PHARMACEUTICAL SCIENCES, 0
INC25-3757, Sanjna Sajith, NITTE GULABI SHETTY MEMORIAL INSTITUTE OF PHARMACEUTICAL SCIENCES, 0
INC25-3866, Sharvari, NITTE GULABI SHETTY MEMORIAL INSTITUTE OF PHARMACEUTICAL SCIENCES, 0
INC25-3929, Joel Saldanha, NITTE GULABI SHETTY MEMORIAL INSTITUTE OF PHARMACEUTICAL SCIENCES, 0
INC25-3994, Sreelakshmi , NITTE GULABI SHETTY MEMORIAL INSTITUTE OF PHARMACEUTICAL SCIENCES, 0
INC25-4322, Shravan Bk, NITTE GULABI SHETTY MEMORIAL INSTITUTE OF PHARMACEUTICAL SCIENCES, 0
INC25-4536, Ruth Quadros, NITTE GULABI SHETTY MEMORIAL INSTITUTE OF PHARMACEUTICAL SCIENCES, 0
INC25-5106, Sania s rai, NITTE GULABI SHETTY MEMORIAL INSTITUTE OF PHARMACEUTICAL SCIENCES, 0
INC25-5442, Saadhvi G Salian , NITTE GULABI SHETTY MEMORIAL INSTITUTE OF PHARMACEUTICAL SCIENCES, 0
INC25-5476, Winston madtha , NITTE GULABI SHETTY MEMORIAL INSTITUTE OF PHARMACEUTICAL SCIENCES, 0
INC25-5498, Shravan ck, NITTE GULABI SHETTY MEMORIAL INSTITUTE OF PHARMACEUTICAL SCIENCES, 0
INC25-5520, Alisha shirley dmello, NITTE GULABI SHETTY MEMORIAL INSTITUTE OF PHARMACEUTICAL SCIENCES, 0
INC25-5527, Pratham, NITTE GULABI SHETTY MEMORIAL INSTITUTE OF PHARMACEUTICAL SCIENCES, 0
INC25-5760, Earl Sean Pinto, NITTE GULABI SHETTY MEMORIAL INSTITUTE OF PHARMACEUTICAL SCIENCES, 0
INC25-5785, Joel Saldanha, NITTE GULABI SHETTY MEMORIAL INSTITUTE OF PHARMACEUTICAL SCIENCES, 0
INC25-5851, Silna , NITTE GULABI SHETTY MEMORIAL INSTITUTE OF PHARMACEUTICAL SCIENCES, 0
INC25-5870, KOUSHIK, NITTE GULABI SHETTY MEMORIAL INSTITUTE OF PHARMACEUTICAL SCIENCES, 0
INC25-5928, Mohammed Saifulla, NITTE GULABI SHETTY MEMORIAL INSTITUTE OF PHARMACEUTICAL SCIENCES, 0
INC25-5931, Alameen, NITTE GULABI SHETTY MEMORIAL INSTITUTE OF PHARMACEUTICAL SCIENCES, 0
INC25-5955, Sinchana V Poojary, NITTE GULABI SHETTY MEMORIAL INSTITUTE OF PHARMACEUTICAL SCIENCES, 0
INC25-6009, Prisha shetty, NITTE GULABI SHETTY MEMORIAL INSTITUTE OF PHARMACEUTICAL SCIENCES, 0
INC25-6317, Devika A, NITTE GULABI SHETTY MEMORIAL INSTITUTE OF PHARMACEUTICAL SCIENCES, 0
INC25-6322, Shihana, NITTE GULABI SHETTY MEMORIAL INSTITUTE OF PHARMACEUTICAL SCIENCES, 0
INC25-6337, Chaithanya , NITTE GULABI SHETTY MEMORIAL INSTITUTE OF PHARMACEUTICAL SCIENCES, 0
INC25-6412, Abhishek, NITTE GULABI SHETTY MEMORIAL INSTITUTE OF PHARMACEUTICAL SCIENCES, 0
INC25-6442, Keerthan Ravi, NITTE GULABI SHETTY MEMORIAL INSTITUTE OF PHARMACEUTICAL SCIENCES, 0
INC25-6698, Lizie pinto, NITTE GULABI SHETTY MEMORIAL INSTITUTE OF PHARMACEUTICAL SCIENCES, 0
INC25-6834, Herrick Preston Warthika , NITTE GULABI SHETTY MEMORIAL INSTITUTE OF PHARMACEUTICAL SCIENCES, 0
INC25-6835, Vamshika Attavar, NITTE GULABI SHETTY MEMORIAL INSTITUTE OF PHARMACEUTICAL SCIENCES, 0
INC25-6836, Venisa , NITTE GULABI SHETTY MEMORIAL INSTITUTE OF PHARMACEUTICAL SCIENCES, 0
INC25-6884, Herrick, NITTE GULABI SHETTY MEMORIAL INSTITUTE OF PHARMACEUTICAL SCIENCES, 0
INC25-6895, Herrick Preston Warthika, NITTE GULABI SHETTY MEMORIAL INSTITUTE OF PHARMACEUTICAL SCIENCES, 0
INC25-6905, Herrick Preston Warthika, NITTE GULABI SHETTY MEMORIAL INSTITUTE OF PHARMACEUTICAL SCIENCES, 0
INC25-7045, Sakshi G, NITTE GULABI SHETTY MEMORIAL INSTITUTE OF PHARMACEUTICAL SCIENCES, 0
INC25-7055, Prachi Sandeep, NITTE GULABI SHETTY MEMORIAL INSTITUTE OF PHARMACEUTICAL SCIENCES, 0
INC25-7072, KAAVYA SALIAN, NITTE GULABI SHETTY MEMORIAL INSTITUTE OF PHARMACEUTICAL SCIENCES, 0
INC25-7090, Wilona Dsouza , NITTE GULABI SHETTY MEMORIAL INSTITUTE OF PHARMACEUTICAL SCIENCES, 0
INC25-7113, Tejal , NITTE GULABI SHETTY MEMORIAL INSTITUTE OF PHARMACEUTICAL SCIENCES, 0
INC25-7149, Samanvi , NITTE GULABI SHETTY MEMORIAL INSTITUTE OF PHARMACEUTICAL SCIENCES, 0
INC25-7224, Osama, NITTE GULABI SHETTY MEMORIAL INSTITUTE OF PHARMACEUTICAL SCIENCES, 0
INC25-7273, Mohammed Ameen PS, NITTE GULABI SHETTY MEMORIAL INSTITUTE OF PHARMACEUTICAL SCIENCES, 0
INC25-7297, Prathvi, NITTE GULABI SHETTY MEMORIAL INSTITUTE OF PHARMACEUTICAL SCIENCES, 0
INC25-7753, Chetan, NITTE GULABI SHETTY MEMORIAL INSTITUTE OF PHARMACEUTICAL SCIENCES, 0
INC25-7756, Lavin, NITTE GULABI SHETTY MEMORIAL INSTITUTE OF PHARMACEUTICAL SCIENCES, 0
INC25-7815, Vineeth Mascarenhas, NITTE GULABI SHETTY MEMORIAL INSTITUTE OF PHARMACEUTICAL SCIENCES, 0
INC25-7820, Allen pinto, NITTE GULABI SHETTY MEMORIAL INSTITUTE OF PHARMACEUTICAL SCIENCES, 0
INC25-7830, Ashwath , NITTE GULABI SHETTY MEMORIAL INSTITUTE OF PHARMACEUTICAL SCIENCES, 0
INC25-7843, Shravya, NITTE GULABI SHETTY MEMORIAL INSTITUTE OF PHARMACEUTICAL SCIENCES, 0
INC25-7952, Lavin A P, NITTE GULABI SHETTY MEMORIAL INSTITUTE OF PHARMACEUTICAL SCIENCES, 0
INC25-7977, Nimra fathima, NITTE GULABI SHETTY MEMORIAL INSTITUTE OF PHARMACEUTICAL SCIENCES, 0
INC25-7991, Shreeja M, NITTE GULABI SHETTY MEMORIAL INSTITUTE OF PHARMACEUTICAL SCIENCES, 0
INC25-8019, Amretha, NITTE GULABI SHETTY MEMORIAL INSTITUTE OF PHARMACEUTICAL SCIENCES, 0
INC25-8163, Bhanuj Bhalla, NITTE GULABI SHETTY MEMORIAL INSTITUTE OF PHARMACEUTICAL SCIENCES, 0
