PID, User name, College Name, No. of events attended
INC25-0208, Ayuq Roy John, NITTE UNIVERSITY CENTRE FOR SCIENCE EDUCATION AND RESEARCH, 1
INC25-0211, Nidhi Sharon, NITTE UNIVERSITY CENTRE FOR SCIENCE EDUCATION AND RESEARCH, 0
INC25-0956, Laya Ravindran, NITTE UNIVERSITY CENTRE FOR SCIENCE EDUCATION AND RESEARCH, 0
INC25-1007, Jovan chris, NITTE UNIVERSITY CENTRE FOR SCIENCE EDUCATION AND RESEARCH, 0
INC25-1058, Brinel Noronha, NITTE UNIVERSITY CENTRE FOR SCIENCE EDUCATION AND RESEARCH, 2
INC25-1496, Ananya, NITTE UNIVERSITY CENTRE FOR SCIENCE EDUCATION AND RESEARCH, 0
INC25-2953, Lara DSouza, NITTE UNIVERSITY CENTRE FOR SCIENCE EDUCATION AND RESEARCH, 0
INC25-3086, Tanvi Shetty, NITTE UNIVERSITY CENTRE FOR SCIENCE EDUCATION AND RESEARCH, 0
INC25-3088, Ananya Shetty S, NITTE UNIVERSITY CENTRE FOR SCIENCE EDUCATION AND RESEARCH, 0
INC25-3527, Ananya , NITTE UNIVERSITY CENTRE FOR SCIENCE EDUCATION AND RESEARCH, 0
INC25-3583, Aishwarya Kotian, NITTE UNIVERSITY CENTRE FOR SCIENCE EDUCATION AND RESEARCH, 0
INC25-3684, Shivangi Rai, NITTE UNIVERSITY CENTRE FOR SCIENCE EDUCATION AND RESEARCH, 0
INC25-3968, R Tanvi , NITTE UNIVERSITY CENTRE FOR SCIENCE EDUCATION AND RESEARCH, 0
INC25-4131, Niyati Nayak B, NITTE UNIVERSITY CENTRE FOR SCIENCE EDUCATION AND RESEARCH, 0
INC25-4314, Anusha s, NITTE UNIVERSITY CENTRE FOR SCIENCE EDUCATION AND RESEARCH, 0
INC25-4321, Chaithanya, NITTE UNIVERSITY CENTRE FOR SCIENCE EDUCATION AND RESEARCH, 0
INC25-4333, Shreya Vas, NITTE UNIVERSITY CENTRE FOR SCIENCE EDUCATION AND RESEARCH, 2
INC25-4336, Sadhana S P Gatty, NITTE UNIVERSITY CENTRE FOR SCIENCE EDUCATION AND RESEARCH, 0
INC25-4797, Priya, NITTE UNIVERSITY CENTRE FOR SCIENCE EDUCATION AND RESEARCH, 0
INC25-4969, Bindu, NITTE UNIVERSITY CENTRE FOR SCIENCE EDUCATION AND RESEARCH, 0
INC25-5393, Rakshith shetty, NITTE UNIVERSITY CENTRE FOR SCIENCE EDUCATION AND RESEARCH, 0
INC25-5460, Prerana bandekar, NITTE UNIVERSITY CENTRE FOR SCIENCE EDUCATION AND RESEARCH, 0
INC25-5496, Anushka Deshpande, NITTE UNIVERSITY CENTRE FOR SCIENCE EDUCATION AND RESEARCH, 0
INC25-5513, Prerna Bandekar, NITTE UNIVERSITY CENTRE FOR SCIENCE EDUCATION AND RESEARCH, 0
INC25-6105, Anupriya, NITTE UNIVERSITY CENTRE FOR SCIENCE EDUCATION AND RESEARCH, 0
INC25-6129, Ameesha bind shihab, NITTE UNIVERSITY CENTRE FOR SCIENCE EDUCATION AND RESEARCH, 0
INC25-6515, Shravani Pai, NITTE UNIVERSITY CENTRE FOR SCIENCE EDUCATION AND RESEARCH, 0
INC25-6523, Bhuvan Chandrashekhar Hegde, NITTE UNIVERSITY CENTRE FOR SCIENCE EDUCATION AND RESEARCH, 0
INC25-6648, Likhith V, NITTE UNIVERSITY CENTRE FOR SCIENCE EDUCATION AND RESEARCH, 0
INC25-6768, Nandana Santhosh , NITTE UNIVERSITY CENTRE FOR SCIENCE EDUCATION AND RESEARCH, 0
INC25-6902, Prathyush J Amin, NITTE UNIVERSITY CENTRE FOR SCIENCE EDUCATION AND RESEARCH, 0
INC25-7178, Shriya , NITTE UNIVERSITY CENTRE FOR SCIENCE EDUCATION AND RESEARCH, 0
INC25-7244, Anirudh M S, NITTE UNIVERSITY CENTRE FOR SCIENCE EDUCATION AND RESEARCH, 0
INC25-7541, Nithin, NITTE UNIVERSITY CENTRE FOR SCIENCE EDUCATION AND RESEARCH, 0
INC25-7569, Kavitha, NITTE UNIVERSITY CENTRE FOR SCIENCE EDUCATION AND RESEARCH, 0
INC25-7685, Prateek, NITTE UNIVERSITY CENTRE FOR SCIENCE EDUCATION AND RESEARCH, 0
INC25-7686, Adwait Dighe, NITTE UNIVERSITY CENTRE FOR SCIENCE EDUCATION AND RESEARCH, 0
INC25-7944, Shefali Naik, NITTE UNIVERSITY CENTRE FOR SCIENCE EDUCATION AND RESEARCH, 0
INC25-8038, Sabyasachi Samanta , NITTE UNIVERSITY CENTRE FOR SCIENCE EDUCATION AND RESEARCH, 0
INC25-8156, Pooja, NITTE UNIVERSITY CENTRE FOR SCIENCE EDUCATION AND RESEARCH, 0
