PID, User name, College Name, No. of events attended
INC25-1555, Arham Aziz, NITTE INSTITUTE OF COMMUNICATION, 0
INC25-1556, Arham Aziz, NITTE INSTITUTE OF COMMUNICATION, 0
INC25-1557, Arham Aziz, NITTE INSTITUTE OF COMMUNICATION, 0
INC25-3862, poorvika, NITTE INSTITUTE OF COMMUNICATION, 0
INC25-4044, Bhumi Bhujang Shetty, NITTE INSTITUTE OF COMMUNICATION, 0
INC25-6364, swarna, NITTE INSTITUTE OF COMMUNICATION, 0
INC25-7567, swaramika  chatterjee , NITTE INSTITUTE OF COMMUNICATION, 0
INC25-7757, Adithi, NITTE INSTITUTE OF COMMUNICATION, 0
