PID, User name, College Name, No. of events attended
INC25-1212,  Avanthika, NITTE MEENAKSHI INSTITUTE OF TECHNOLOGY BANGALORE, 0
INC25-1274, Likita, NITTE MEENAKSHI INSTITUTE OF TECHNOLOGY BANGALORE, 0
INC25-2329, Padmavathi , NITTE MEENAKSHI INSTITUTE OF TECHNOLOGY BANGALORE, 0
INC25-2818, Anisha N Shetty, NITTE MEENAKSHI INSTITUTE OF TECHNOLOGY BANGALORE, 0
INC25-3310, Pranamya Rao, NITTE MEENAKSHI INSTITUTE OF TECHNOLOGY BANGALORE, 0
INC25-8050, Aneesh Bhat, NITTE MEENAKSHI INSTITUTE OF TECHNOLOGY BANGALORE, 0
INC25-8124, Nagendra, NITTE MEENAKSHI INSTITUTE OF TECHNOLOGY BANGALORE, 0
INC25-8130, Nagendra, NITTE MEENAKSHI INSTITUTE OF TECHNOLOGY BANGALORE, 0
INC25-8143, kaushik B.V, NITTE MEENAKSHI INSTITUTE OF TECHNOLOGY BANGALORE, 0
