PID, User name, College Name, No. of events attended
INC25-0576, Sambram Hegde , NRAM AIDED POLYTECHNIC  NITTE, 0
INC25-1118, Likith, NRAM AIDED POLYTECHNIC  NITTE, 1
INC25-1133, Likith, NRAM AIDED POLYTECHNIC  NITTE, 0
INC25-1316, Aditi Rao, NRAM AIDED POLYTECHNIC  NITTE, 0
INC25-1384, SHEIK ABDULLA RIHAAM, NRAM AIDED POLYTECHNIC  NITTE, 0
INC25-1584, Sushanth nayak, NRAM AIDED POLYTECHNIC  NITTE, 0
INC25-1747, Swasthik shenoy, NRAM AIDED POLYTECHNIC  NITTE, 0
INC25-1897, varun M Bhandary , NRAM AIDED POLYTECHNIC  NITTE, 0
INC25-1983, Shrinidhi, NRAM AIDED POLYTECHNIC  NITTE, 0
INC25-1984, Shrinidhi, NRAM AIDED POLYTECHNIC  NITTE, 0
INC25-2002, Swasthik Bhandare, NRAM AIDED POLYTECHNIC  NITTE, 0
INC25-2204, Sujay , NRAM AIDED POLYTECHNIC  NITTE, 0
INC25-2239, Shanya, NRAM AIDED POLYTECHNIC  NITTE, 0
INC25-3240, YASHAS M S, NRAM AIDED POLYTECHNIC  NITTE, 0
INC25-3493, christan pinto, NRAM AIDED POLYTECHNIC  NITTE, 0
INC25-3500, christan pinto, NRAM AIDED POLYTECHNIC  NITTE, 0
INC25-3971, Janhavi R Mallya , NRAM AIDED POLYTECHNIC  NITTE, 0
INC25-4124, Janhavi, NRAM AIDED POLYTECHNIC  NITTE, 0
INC25-4296, Pavan Hegde , NRAM AIDED POLYTECHNIC  NITTE, 0
INC25-4432, Nandan naik, NRAM AIDED POLYTECHNIC  NITTE, 0
INC25-4477, Allen , NRAM AIDED POLYTECHNIC  NITTE, 0
INC25-4516, Mohammad shabiq, NRAM AIDED POLYTECHNIC  NITTE, 0
INC25-4578, Saaz, NRAM AIDED POLYTECHNIC  NITTE, 0
INC25-4581, Saaz, NRAM AIDED POLYTECHNIC  NITTE, 0
INC25-4660, Abhishek, NRAM AIDED POLYTECHNIC  NITTE, 0
INC25-4667, Sowrav, NRAM AIDED POLYTECHNIC  NITTE, 0
INC25-4848, K Rachan Bharnekar, NRAM AIDED POLYTECHNIC  NITTE, 0
INC25-4912, Yashas rao, NRAM AIDED POLYTECHNIC  NITTE, 0
INC25-4935, Yashas rao, NRAM AIDED POLYTECHNIC  NITTE, 0
INC25-5197, Yashvi, NRAM AIDED POLYTECHNIC  NITTE, 0
INC25-5212, Yashvi, NRAM AIDED POLYTECHNIC  NITTE, 0
INC25-5456, Rohan Salian, NRAM AIDED POLYTECHNIC  NITTE, 0
INC25-5531, Rachan, NRAM AIDED POLYTECHNIC  NITTE, 0
INC25-5563, Yash, NRAM AIDED POLYTECHNIC  NITTE, 0
INC25-5629, Nishal, NRAM AIDED POLYTECHNIC  NITTE, 0
INC25-5781, Shrinivas Singh , NRAM AIDED POLYTECHNIC  NITTE, 0
INC25-5844, Karthik , NRAM AIDED POLYTECHNIC  NITTE, 0
INC25-5862, Ashik, NRAM AIDED POLYTECHNIC  NITTE, 0
INC25-5883, Shrinith, NRAM AIDED POLYTECHNIC  NITTE, 0
INC25-5912, Anirudh Rao, NRAM AIDED POLYTECHNIC  NITTE, 0
INC25-5929, Adithya kotian, NRAM AIDED POLYTECHNIC  NITTE, 0
INC25-5934, Dharmik, NRAM AIDED POLYTECHNIC  NITTE, 0
INC25-5937, Adithya kotian, NRAM AIDED POLYTECHNIC  NITTE, 0
INC25-5938, Vivek , NRAM AIDED POLYTECHNIC  NITTE, 0
INC25-5939, Karthik, NRAM AIDED POLYTECHNIC  NITTE, 0
INC25-5949, Srinivas , NRAM AIDED POLYTECHNIC  NITTE, 0
INC25-5956, Kiran sr , NRAM AIDED POLYTECHNIC  NITTE, 0
INC25-5993, Kiran Shetty , NRAM AIDED POLYTECHNIC  NITTE, 0
INC25-5997, Ashu, NRAM AIDED POLYTECHNIC  NITTE, 0
INC25-6074, Rakshak , NRAM AIDED POLYTECHNIC  NITTE, 0
INC25-6171, laxmi mallya, NRAM AIDED POLYTECHNIC  NITTE, 0
INC25-6193, janhavi mallya, NRAM AIDED POLYTECHNIC  NITTE, 0
INC25-6194, Aarnav Prabhu Jakribet , NRAM AIDED POLYTECHNIC  NITTE, 0
INC25-6206, Hrithik, NRAM AIDED POLYTECHNIC  NITTE, 0
INC25-6227, Melister dmello, NRAM AIDED POLYTECHNIC  NITTE, 0
INC25-6235, Nitheesh, NRAM AIDED POLYTECHNIC  NITTE, 0
INC25-6237, Nitheesh, NRAM AIDED POLYTECHNIC  NITTE, 0
INC25-6304, Rithesh , NRAM AIDED POLYTECHNIC  NITTE, 0
INC25-6453, Mohammed shihab, NRAM AIDED POLYTECHNIC  NITTE, 0
INC25-6458, Harshith, NRAM AIDED POLYTECHNIC  NITTE, 0
INC25-6545, Parinith, NRAM AIDED POLYTECHNIC  NITTE, 0
INC25-6636, Disha, NRAM AIDED POLYTECHNIC  NITTE, 0
INC25-6639, Disha, NRAM AIDED POLYTECHNIC  NITTE, 0
INC25-6682, Nauman, NRAM AIDED POLYTECHNIC  NITTE, 0
INC25-6866, Abhi, NRAM AIDED POLYTECHNIC  NITTE, 1
INC25-6868, N Prajwal, NRAM AIDED POLYTECHNIC  NITTE, 0
INC25-6876, Nidhish , NRAM AIDED POLYTECHNIC  NITTE, 1
INC25-6877, sudarshan R, NRAM AIDED POLYTECHNIC  NITTE, 0
INC25-6886, N Prajwal, NRAM AIDED POLYTECHNIC  NITTE, 0
INC25-6977, Tanvi shetty, NRAM AIDED POLYTECHNIC  NITTE, 0
INC25-6994, Aneesh, NRAM AIDED POLYTECHNIC  NITTE, 0
INC25-7038, Akash Nazareth , NRAM AIDED POLYTECHNIC  NITTE, 0
INC25-7061, Mohammed sal sabeel Badriya, NRAM AIDED POLYTECHNIC  NITTE, 0
INC25-7067, Thanvi, NRAM AIDED POLYTECHNIC  NITTE, 0
INC25-7080, Thameem, NRAM AIDED POLYTECHNIC  NITTE, 0
INC25-7102, Shreyas, NRAM AIDED POLYTECHNIC  NITTE, 0
INC25-7105, Kaushik, NRAM AIDED POLYTECHNIC  NITTE, 0
INC25-7141, Varun, NRAM AIDED POLYTECHNIC  NITTE, 0
INC25-7166, Mithun kanchan, NRAM AIDED POLYTECHNIC  NITTE, 0
INC25-7189, Muhammad ansaf, NRAM AIDED POLYTECHNIC  NITTE, 0
INC25-7203, Sharan, NRAM AIDED POLYTECHNIC  NITTE, 0
INC25-7205, Afthab, NRAM AIDED POLYTECHNIC  NITTE, 0
INC25-7206, Afthab, NRAM AIDED POLYTECHNIC  NITTE, 0
INC25-7211, Thanvi Shetty, NRAM AIDED POLYTECHNIC  NITTE, 0
INC25-7214, Ideesh, NRAM AIDED POLYTECHNIC  NITTE, 0
INC25-7232, Thanmay, NRAM AIDED POLYTECHNIC  NITTE, 0
INC25-7233, Thanmay, NRAM AIDED POLYTECHNIC  NITTE, 0
INC25-7234, Thanvi, NRAM AIDED POLYTECHNIC  NITTE, 0
INC25-7302, Thanvi , NRAM AIDED POLYTECHNIC  NITTE, 0
INC25-7358, Rohan Shinde, NRAM AIDED POLYTECHNIC  NITTE, 0
INC25-7367, Rohan Shinde, NRAM AIDED POLYTECHNIC  NITTE, 0
INC25-7372, yashvi, NRAM AIDED POLYTECHNIC  NITTE, 0
INC25-7375, Mohammed Shabeeb , NRAM AIDED POLYTECHNIC  NITTE, 0
INC25-7400, PRAJWAL, NRAM AIDED POLYTECHNIC  NITTE, 0
INC25-7401, Deekshith shetty, NRAM AIDED POLYTECHNIC  NITTE, 0
INC25-7424, Sujay, NRAM AIDED POLYTECHNIC  NITTE, 0
INC25-7445, Thoufeq, NRAM AIDED POLYTECHNIC  NITTE, 0
INC25-7452, Thoufeeq, NRAM AIDED POLYTECHNIC  NITTE, 0
INC25-7453, Nishanth, NRAM AIDED POLYTECHNIC  NITTE, 0
INC25-7457, Nishanth, NRAM AIDED POLYTECHNIC  NITTE, 0
INC25-7460, Rohan Shindhe, NRAM AIDED POLYTECHNIC  NITTE, 0
INC25-7480, Samrudh , NRAM AIDED POLYTECHNIC  NITTE, 0
INC25-7513, Manvith Devadiga, NRAM AIDED POLYTECHNIC  NITTE, 0
INC25-7611, Amith G.R, NRAM AIDED POLYTECHNIC  NITTE, 0
INC25-7696, Sagar, NRAM AIDED POLYTECHNIC  NITTE, 0
INC25-7962, Roopesh, NRAM AIDED POLYTECHNIC  NITTE, 0
INC25-7971, Amrath, NRAM AIDED POLYTECHNIC  NITTE, 0
INC25-7979, Shamil, NRAM AIDED POLYTECHNIC  NITTE, 0
INC25-7981, Nihal R Shetty, NRAM AIDED POLYTECHNIC  NITTE, 0
INC25-8007, Nandan kumar , NRAM AIDED POLYTECHNIC  NITTE, 0
INC25-8017, Amrath Shetty, NRAM AIDED POLYTECHNIC  NITTE, 0
INC25-8024, Srajan.G, NRAM AIDED POLYTECHNIC  NITTE, 0
INC25-8025, Varun.k, NRAM AIDED POLYTECHNIC  NITTE, 0
INC25-8029, Pranam R, NRAM AIDED POLYTECHNIC  NITTE, 0
INC25-8037, DARSHAN SHETTY , NRAM AIDED POLYTECHNIC  NITTE, 0
INC25-8120, Shreyas, NRAM AIDED POLYTECHNIC  NITTE, 0
INC25-8132, Ashish, NRAM AIDED POLYTECHNIC  NITTE, 0
INC25-8133, Shreyas, NRAM AIDED POLYTECHNIC  NITTE, 0
INC25-8158, Muhammad ali, NRAM AIDED POLYTECHNIC  NITTE, 0
INC25-8170, Preetham Shetty, NRAM AIDED POLYTECHNIC  NITTE, 0
