PID, User name, College Name, No. of events attended
INC25-2996, Vineeth S N, PA COLLEGE OF ENGINEERING, 0
INC25-5098, Thabish, PA COLLEGE OF ENGINEERING, 1
INC25-5104, shayan, PA COLLEGE OF ENGINEERING, 1
INC25-5850, Moidin mahammed thajuddin, PA COLLEGE OF ENGINEERING, 11
INC25-5856, Mohammed Ansab, PA COLLEGE OF ENGINEERING, 9
INC25-5864, Mohammed Fahami P A, PA COLLEGE OF ENGINEERING, 5
INC25-5868, Mohammed Bilal, PA COLLEGE OF ENGINEERING, 7
INC25-5869, Minhaj Muhsin T M, PA COLLEGE OF ENGINEERING, 3
INC25-5873, nafih, PA COLLEGE OF ENGINEERING, 9
INC25-5884, Mohammed Manas, PA COLLEGE OF ENGINEERING, 7
INC25-5886, Muhammad Sinan, PA COLLEGE OF ENGINEERING, 10
INC25-5904, Sayeedkoppala, PA COLLEGE OF ENGINEERING, 7
