PID, User name, College Name, No. of events attended
INC25-4259, Adarsh acharya, SAHYADRI INSTITUTE OF TECHNOLOGY, 0
INC25-4260, Adarsh acharya, SAHYADRI INSTITUTE OF TECHNOLOGY, 0
INC25-4275, Adarsh acharya , SAHYADRI INSTITUTE OF TECHNOLOGY, 0
INC25-5059, Abhijat Rai, SAHYADRI INSTITUTE OF TECHNOLOGY, 1
INC25-5603, Spoorthi, SAHYADRI INSTITUTE OF TECHNOLOGY, 0
INC25-6437, sai.spandan, SAHYADRI INSTITUTE OF TECHNOLOGY, 0
INC25-6790, Dance jesudas, SAHYADRI INSTITUTE OF TECHNOLOGY, 0
INC25-7405, Sinchana C, SAHYADRI INSTITUTE OF TECHNOLOGY, 0
