PID, User name, College Name, No. of events attended
INC25-0263, Deeya Das, SAHYADRI COLLEGE OF ENGINEERING & MANAGEMENT, 0
INC25-0510, Shreesha S Shetty, SAHYADRI COLLEGE OF ENGINEERING & MANAGEMENT, 0
INC25-1015, Rishon Dinesh, SAHYADRI COLLEGE OF ENGINEERING & MANAGEMENT, 0
INC25-1106, Vibhubalan, SAHYADRI COLLEGE OF ENGINEERING & MANAGEMENT, 1
INC25-1188, Darshith , SAHYADRI COLLEGE OF ENGINEERING & MANAGEMENT, 0
INC25-1263, Nithin M R, SAHYADRI COLLEGE OF ENGINEERING & MANAGEMENT, 0
INC25-1281, ATHUL ANANTH ARIGA, SAHYADRI COLLEGE OF ENGINEERING & MANAGEMENT, 0
INC25-1306, Poojith J gatty, SAHYADRI COLLEGE OF ENGINEERING & MANAGEMENT, 1
INC25-1328, Sreeraj S, SAHYADRI COLLEGE OF ENGINEERING & MANAGEMENT, 0
INC25-1337, Ashwin A Nair, SAHYADRI COLLEGE OF ENGINEERING & MANAGEMENT, 6
INC25-1389, Nithesh Alva, SAHYADRI COLLEGE OF ENGINEERING & MANAGEMENT, 0
INC25-1406, Apoorva Achar, SAHYADRI COLLEGE OF ENGINEERING & MANAGEMENT, 0
INC25-1409, Shayaan Fayaz, SAHYADRI COLLEGE OF ENGINEERING & MANAGEMENT, 2
INC25-1518, Aditya SN, SAHYADRI COLLEGE OF ENGINEERING & MANAGEMENT, 0
INC25-1540, saahil G, SAHYADRI COLLEGE OF ENGINEERING & MANAGEMENT, 0
INC25-1596, Nidhi, SAHYADRI COLLEGE OF ENGINEERING & MANAGEMENT, 0
INC25-1658, Pratham Amin , SAHYADRI COLLEGE OF ENGINEERING & MANAGEMENT, 0
INC25-1660, Ashray Shetty, SAHYADRI COLLEGE OF ENGINEERING & MANAGEMENT, 0
INC25-1669, Ritvik, SAHYADRI COLLEGE OF ENGINEERING & MANAGEMENT, 4
INC25-1776, Laksh Aditya S, SAHYADRI COLLEGE OF ENGINEERING & MANAGEMENT, 2
INC25-1793, J Karthik Kumar, SAHYADRI COLLEGE OF ENGINEERING & MANAGEMENT, 0
INC25-2038, Shreyas shetty , SAHYADRI COLLEGE OF ENGINEERING & MANAGEMENT, 6
INC25-2040, Shivalika Sudhas , SAHYADRI COLLEGE OF ENGINEERING & MANAGEMENT, 5
INC25-2069, Tanay, SAHYADRI COLLEGE OF ENGINEERING & MANAGEMENT, 0
INC25-2095, Khushi Umesh Shetty , SAHYADRI COLLEGE OF ENGINEERING & MANAGEMENT, 0
INC25-2142, Hrishi S Shetty, SAHYADRI COLLEGE OF ENGINEERING & MANAGEMENT, 4
INC25-2257, Sparsha Rai, SAHYADRI COLLEGE OF ENGINEERING & MANAGEMENT, 0
INC25-2328, Dhyan bk, SAHYADRI COLLEGE OF ENGINEERING & MANAGEMENT, 1
INC25-2448, Himanshu Shetty, SAHYADRI COLLEGE OF ENGINEERING & MANAGEMENT, 0
INC25-2483, Meghna Suresh, SAHYADRI COLLEGE OF ENGINEERING & MANAGEMENT, 0
INC25-2521, Sushan Rai, SAHYADRI COLLEGE OF ENGINEERING & MANAGEMENT, 0
INC25-2553, Bavith Suvarna, SAHYADRI COLLEGE OF ENGINEERING & MANAGEMENT, 0
INC25-2576, Dhrithi K S, SAHYADRI COLLEGE OF ENGINEERING & MANAGEMENT, 0
INC25-2586, Vaishnav Kulal, SAHYADRI COLLEGE OF ENGINEERING & MANAGEMENT, 0
INC25-2626, STUTHI P S, SAHYADRI COLLEGE OF ENGINEERING & MANAGEMENT, 0
INC25-2751, Chiranthan , SAHYADRI COLLEGE OF ENGINEERING & MANAGEMENT, 1
INC25-2828, Sanketh S, SAHYADRI COLLEGE OF ENGINEERING & MANAGEMENT, 0
INC25-2859, Nireeksha NK, SAHYADRI COLLEGE OF ENGINEERING & MANAGEMENT, 0
INC25-2901, Advaith Shajeendran , SAHYADRI COLLEGE OF ENGINEERING & MANAGEMENT, 0
INC25-2978, Shrivijeth M, SAHYADRI COLLEGE OF ENGINEERING & MANAGEMENT, 4
INC25-3147, shashtish shetty, SAHYADRI COLLEGE OF ENGINEERING & MANAGEMENT, 0
INC25-3190, Ankith, SAHYADRI COLLEGE OF ENGINEERING & MANAGEMENT, 0
INC25-3392, Panishthi , SAHYADRI COLLEGE OF ENGINEERING & MANAGEMENT, 0
INC25-3403, Manvith Suvarna B V, SAHYADRI COLLEGE OF ENGINEERING & MANAGEMENT, 0
INC25-3698, MOHAMMED IHAAB IBRAHIM, SAHYADRI COLLEGE OF ENGINEERING & MANAGEMENT, 0
INC25-3747, Sangini, SAHYADRI COLLEGE OF ENGINEERING & MANAGEMENT, 0
INC25-3790, Thushar, SAHYADRI COLLEGE OF ENGINEERING & MANAGEMENT, 0
INC25-3799, Shreesha, SAHYADRI COLLEGE OF ENGINEERING & MANAGEMENT, 0
INC25-3854, Vidhisha Shetty, SAHYADRI COLLEGE OF ENGINEERING & MANAGEMENT, 0
INC25-4210, Nihal Shetty , SAHYADRI COLLEGE OF ENGINEERING & MANAGEMENT, 0
INC25-4229, Aditya SN, SAHYADRI COLLEGE OF ENGINEERING & MANAGEMENT, 0
INC25-4341, Hamshini Shetty, SAHYADRI COLLEGE OF ENGINEERING & MANAGEMENT, 0
INC25-4357, Shrama Bhandary , SAHYADRI COLLEGE OF ENGINEERING & MANAGEMENT, 0
INC25-4361, ATHUL ANANTH ARIGA, SAHYADRI COLLEGE OF ENGINEERING & MANAGEMENT, 0
INC25-4402, Dharmik G Rai, SAHYADRI COLLEGE OF ENGINEERING & MANAGEMENT, 0
INC25-4406, Anshitha Karkera , SAHYADRI COLLEGE OF ENGINEERING & MANAGEMENT, 0
INC25-4410, Natasha , SAHYADRI COLLEGE OF ENGINEERING & MANAGEMENT, 0
INC25-4436, Nireeksha U, SAHYADRI COLLEGE OF ENGINEERING & MANAGEMENT, 0
INC25-4482, Rushil.S.AMIN, SAHYADRI COLLEGE OF ENGINEERING & MANAGEMENT, 0
INC25-4511, M Suraj Karanth , SAHYADRI COLLEGE OF ENGINEERING & MANAGEMENT, 1
INC25-4528, Prakyath Bangera, SAHYADRI COLLEGE OF ENGINEERING & MANAGEMENT, 1
INC25-4550, Karthik N H, SAHYADRI COLLEGE OF ENGINEERING & MANAGEMENT, 0
INC25-4729, shreyanka, SAHYADRI COLLEGE OF ENGINEERING & MANAGEMENT, 0
INC25-4752, Sinchana , SAHYADRI COLLEGE OF ENGINEERING & MANAGEMENT, 0
INC25-4754, Pratheeksha Prakash, SAHYADRI COLLEGE OF ENGINEERING & MANAGEMENT, 0
INC25-4861, Sinchana, SAHYADRI COLLEGE OF ENGINEERING & MANAGEMENT, 0
INC25-4874, Advika Raviraj , SAHYADRI COLLEGE OF ENGINEERING & MANAGEMENT, 0
INC25-4933, Rakshith Rao, SAHYADRI COLLEGE OF ENGINEERING & MANAGEMENT, 0
INC25-5040, Rashi Shetty, SAHYADRI COLLEGE OF ENGINEERING & MANAGEMENT, 0
INC25-5065, Ashwin, SAHYADRI COLLEGE OF ENGINEERING & MANAGEMENT, 1
INC25-5068, Gaurav bhat, SAHYADRI COLLEGE OF ENGINEERING & MANAGEMENT, 1
INC25-5145, MANUSHREE, SAHYADRI COLLEGE OF ENGINEERING & MANAGEMENT, 4
INC25-5150, Sharanya pb, SAHYADRI COLLEGE OF ENGINEERING & MANAGEMENT, 1
INC25-5168, Muhammed Saalim, SAHYADRI COLLEGE OF ENGINEERING & MANAGEMENT, 6
INC25-5306, Vighnesh V Bhat, SAHYADRI COLLEGE OF ENGINEERING & MANAGEMENT, 0
INC25-5378, Anuroop, SAHYADRI COLLEGE OF ENGINEERING & MANAGEMENT, 0
INC25-5543, Shreya J, SAHYADRI COLLEGE OF ENGINEERING & MANAGEMENT, 0
INC25-5680, Aarya shetty, SAHYADRI COLLEGE OF ENGINEERING & MANAGEMENT, 0
INC25-5736, Manogna , SAHYADRI COLLEGE OF ENGINEERING & MANAGEMENT, 0
INC25-5771, Vaijith ravatappa kalagi , SAHYADRI COLLEGE OF ENGINEERING & MANAGEMENT, 2
INC25-5774, K V HEMANTH KIRAN , SAHYADRI COLLEGE OF ENGINEERING & MANAGEMENT, 2
INC25-5777, Shetty Nidarsh Ramachandra , SAHYADRI COLLEGE OF ENGINEERING & MANAGEMENT, 2
INC25-5779, Bhushan Gatty, SAHYADRI COLLEGE OF ENGINEERING & MANAGEMENT, 2
INC25-5780, Harthik, SAHYADRI COLLEGE OF ENGINEERING & MANAGEMENT, 1
INC25-5802, S Sathish Kumar, SAHYADRI COLLEGE OF ENGINEERING & MANAGEMENT, 1
INC25-5867, Vaishnavi Laxmi, SAHYADRI COLLEGE OF ENGINEERING & MANAGEMENT, 1
INC25-6008, Nidhi, SAHYADRI COLLEGE OF ENGINEERING & MANAGEMENT, 0
INC25-6014, Roshni, SAHYADRI COLLEGE OF ENGINEERING & MANAGEMENT, 0
INC25-6065, Breatlish Dsouza, SAHYADRI COLLEGE OF ENGINEERING & MANAGEMENT, 0
INC25-6073, Sathwik Shetty, SAHYADRI COLLEGE OF ENGINEERING & MANAGEMENT, 0
INC25-6088, Rorthan Coelho, SAHYADRI COLLEGE OF ENGINEERING & MANAGEMENT, 0
INC25-6125, AmithRohan , SAHYADRI COLLEGE OF ENGINEERING & MANAGEMENT, 0
INC25-6203, Neha Shetty, SAHYADRI COLLEGE OF ENGINEERING & MANAGEMENT, 0
INC25-6292, Roslin , SAHYADRI COLLEGE OF ENGINEERING & MANAGEMENT, 0
INC25-6325, Adarsha , SAHYADRI COLLEGE OF ENGINEERING & MANAGEMENT, 0
INC25-6388, Sinchana K S, SAHYADRI COLLEGE OF ENGINEERING & MANAGEMENT, 0
INC25-6411, Rahul Pai, SAHYADRI COLLEGE OF ENGINEERING & MANAGEMENT, 1
INC25-6459, Ashel dsouza , SAHYADRI COLLEGE OF ENGINEERING & MANAGEMENT, 0
INC25-6500, Ankitha, SAHYADRI COLLEGE OF ENGINEERING & MANAGEMENT, 0
INC25-6544, Shikha , SAHYADRI COLLEGE OF ENGINEERING & MANAGEMENT, 0
INC25-6610, Keerthan MS, SAHYADRI COLLEGE OF ENGINEERING & MANAGEMENT, 0
INC25-6633, Priyadarshan Nayak, SAHYADRI COLLEGE OF ENGINEERING & MANAGEMENT, 0
INC25-6806, M Shashank, SAHYADRI COLLEGE OF ENGINEERING & MANAGEMENT, 0
INC25-6953, Khushi Shetty , SAHYADRI COLLEGE OF ENGINEERING & MANAGEMENT, 0
INC25-7036, Nikith Kumar , SAHYADRI COLLEGE OF ENGINEERING & MANAGEMENT, 0
INC25-7051, Advik Rai, SAHYADRI COLLEGE OF ENGINEERING & MANAGEMENT, 0
INC25-7100, Kritharth Shetty, SAHYADRI COLLEGE OF ENGINEERING & MANAGEMENT, 1
INC25-7184, Abhinav k, SAHYADRI COLLEGE OF ENGINEERING & MANAGEMENT, 0
INC25-7263, Ojas, SAHYADRI COLLEGE OF ENGINEERING & MANAGEMENT, 0
INC25-7345, Sidharth Santhosh, SAHYADRI COLLEGE OF ENGINEERING & MANAGEMENT, 0
INC25-7352, Prajna, SAHYADRI COLLEGE OF ENGINEERING & MANAGEMENT, 0
INC25-7374, Sanvi rai, SAHYADRI COLLEGE OF ENGINEERING & MANAGEMENT, 0
INC25-7406, Rajeshwari shetty , SAHYADRI COLLEGE OF ENGINEERING & MANAGEMENT, 0
INC25-7429, Priya K R, SAHYADRI COLLEGE OF ENGINEERING & MANAGEMENT, 0
INC25-7444, Aniketh Nayak, SAHYADRI COLLEGE OF ENGINEERING & MANAGEMENT, 0
INC25-7458, Amog J, SAHYADRI COLLEGE OF ENGINEERING & MANAGEMENT, 0
INC25-7476, Vivek Shenoy, SAHYADRI COLLEGE OF ENGINEERING & MANAGEMENT, 0
INC25-7485, Sudiksha  , SAHYADRI COLLEGE OF ENGINEERING & MANAGEMENT, 0
INC25-7514, Sanjana D, SAHYADRI COLLEGE OF ENGINEERING & MANAGEMENT, 0
INC25-7515, Shivani , SAHYADRI COLLEGE OF ENGINEERING & MANAGEMENT, 0
INC25-7591, ANKITHA M RAO, SAHYADRI COLLEGE OF ENGINEERING & MANAGEMENT, 0
INC25-7592, Sinchana, SAHYADRI COLLEGE OF ENGINEERING & MANAGEMENT, 0
INC25-7613, Lizy , SAHYADRI COLLEGE OF ENGINEERING & MANAGEMENT, 0
INC25-7638, Sameeksha S, SAHYADRI COLLEGE OF ENGINEERING & MANAGEMENT, 0
INC25-7642, Grishma, SAHYADRI COLLEGE OF ENGINEERING & MANAGEMENT, 0
INC25-7644, Arman Raj , SAHYADRI COLLEGE OF ENGINEERING & MANAGEMENT, 0
INC25-7650, Ashish Rao, SAHYADRI COLLEGE OF ENGINEERING & MANAGEMENT, 0
INC25-7664, Rituparna kS, SAHYADRI COLLEGE OF ENGINEERING & MANAGEMENT, 0
INC25-7681, K N Anirudha, SAHYADRI COLLEGE OF ENGINEERING & MANAGEMENT, 0
INC25-7699, Saakshi R Alva, SAHYADRI COLLEGE OF ENGINEERING & MANAGEMENT, 0
INC25-7700, Saakshi R Alva, SAHYADRI COLLEGE OF ENGINEERING & MANAGEMENT, 0
INC25-7719, Joshim Lenal, SAHYADRI COLLEGE OF ENGINEERING & MANAGEMENT, 0
INC25-7754, Trisha K, SAHYADRI COLLEGE OF ENGINEERING & MANAGEMENT, 0
INC25-7851, Aditi Bilgi, SAHYADRI COLLEGE OF ENGINEERING & MANAGEMENT, 0
INC25-7908, Sharika K R, SAHYADRI COLLEGE OF ENGINEERING & MANAGEMENT, 0
INC25-7915, Suvidhi , SAHYADRI COLLEGE OF ENGINEERING & MANAGEMENT, 0
INC25-7926, Shaani Rai, SAHYADRI COLLEGE OF ENGINEERING & MANAGEMENT, 0
INC25-7942, Ronith sathish acharya , SAHYADRI COLLEGE OF ENGINEERING & MANAGEMENT, 0
INC25-7950, Shreevarsha V Hegde , SAHYADRI COLLEGE OF ENGINEERING & MANAGEMENT, 0
INC25-7985, Prajna, SAHYADRI COLLEGE OF ENGINEERING & MANAGEMENT, 0
INC25-8002, Suhas sudeep , SAHYADRI COLLEGE OF ENGINEERING & MANAGEMENT, 0
INC25-8010, Prajoth , SAHYADRI COLLEGE OF ENGINEERING & MANAGEMENT, 0
INC25-8011, Anusha , SAHYADRI COLLEGE OF ENGINEERING & MANAGEMENT, 0
INC25-8064, Sathwik O V, SAHYADRI COLLEGE OF ENGINEERING & MANAGEMENT, 0
INC25-8068, Meghashree, SAHYADRI COLLEGE OF ENGINEERING & MANAGEMENT, 0
INC25-8072, Prasidh, SAHYADRI COLLEGE OF ENGINEERING & MANAGEMENT, 0
INC25-8115, Swathi, SAHYADRI COLLEGE OF ENGINEERING & MANAGEMENT, 0
INC25-8147, Manish, SAHYADRI COLLEGE OF ENGINEERING & MANAGEMENT, 0
INC25-8167, Dhiren, SAHYADRI COLLEGE OF ENGINEERING & MANAGEMENT, 0
