PID, User name, College Name, No. of events attended
INC25-1804, Sirivanth , SDM INSTITUTE OF TECHNOLOGY UJIRE, 0
INC25-1870, Abhishek jain , SDM INSTITUTE OF TECHNOLOGY UJIRE, 0
INC25-6286, Shravastha Hegde , SDM INSTITUTE OF TECHNOLOGY UJIRE, 0
INC25-6898, Praneeth v, SDM INSTITUTE OF TECHNOLOGY UJIRE, 0
INC25-6901, Praneeth v, SDM INSTITUTE OF TECHNOLOGY UJIRE, 0
INC25-6908, Thushar A G, SDM INSTITUTE OF TECHNOLOGY UJIRE, 0
INC25-7223, Muhammad Munavvar , SDM INSTITUTE OF TECHNOLOGY UJIRE, 0
INC25-7317, Chiranth KS, SDM INSTITUTE OF TECHNOLOGY UJIRE, 0
INC25-7354, Udith Krishna Shetty, SDM INSTITUTE OF TECHNOLOGY UJIRE, 0
INC25-7560, Prathik Prathik, SDM INSTITUTE OF TECHNOLOGY UJIRE, 0
INC25-7566, Prathik Poojary, SDM INSTITUTE OF TECHNOLOGY UJIRE, 0
INC25-7583, Swasthik, SDM INSTITUTE OF TECHNOLOGY UJIRE, 0
INC25-7762, Abhiram S, SDM INSTITUTE OF TECHNOLOGY UJIRE, 0
