PID, User name, College Name, No. of events attended
INC25-0060, Sakibe , SHREE DEVI INSTITUTE OF TECHNOLOGY  KENJAR  MANGALORE, 0
INC25-0224, Seth Rock, SHREE DEVI INSTITUTE OF TECHNOLOGY  KENJAR  MANGALORE, 0
INC25-1230, SOORAJ, SHREE DEVI INSTITUTE OF TECHNOLOGY  KENJAR  MANGALORE, 0
INC25-1608, Samuel Antony, SHREE DEVI INSTITUTE OF TECHNOLOGY  KENJAR  MANGALORE, 0
INC25-1693, Sidvik V Shetty, SHREE DEVI INSTITUTE OF TECHNOLOGY  KENJAR  MANGALORE, 4
INC25-1900, Karthik S Poojary , SHREE DEVI INSTITUTE OF TECHNOLOGY  KENJAR  MANGALORE, 0
INC25-2194, Thahira, SHREE DEVI INSTITUTE OF TECHNOLOGY  KENJAR  MANGALORE, 0
INC25-2452, Layan Jain , SHREE DEVI INSTITUTE OF TECHNOLOGY  KENJAR  MANGALORE, 0
INC25-2475, Dilip suvarna , SHREE DEVI INSTITUTE OF TECHNOLOGY  KENJAR  MANGALORE, 0
INC25-3183, Chiranjeevi, SHREE DEVI INSTITUTE OF TECHNOLOGY  KENJAR  MANGALORE, 0
INC25-3361, Amruth Gowda , SHREE DEVI INSTITUTE OF TECHNOLOGY  KENJAR  MANGALORE, 0
INC25-3435, Janhavi Rathod, SHREE DEVI INSTITUTE OF TECHNOLOGY  KENJAR  MANGALORE, 1
INC25-3448, S B Poorvi , SHREE DEVI INSTITUTE OF TECHNOLOGY  KENJAR  MANGALORE, 1
INC25-3449, Harshith Vasanth Shetty, SHREE DEVI INSTITUTE OF TECHNOLOGY  KENJAR  MANGALORE, 0
INC25-3540, Varshini V S, SHREE DEVI INSTITUTE OF TECHNOLOGY  KENJAR  MANGALORE, 3
INC25-3546, Akshithaa k, SHREE DEVI INSTITUTE OF TECHNOLOGY  KENJAR  MANGALORE, 3
INC25-3559, Prajwal NT, SHREE DEVI INSTITUTE OF TECHNOLOGY  KENJAR  MANGALORE, 0
INC25-3565, Krithika, SHREE DEVI INSTITUTE OF TECHNOLOGY  KENJAR  MANGALORE, 0
INC25-3616, Prajwal.N.T, SHREE DEVI INSTITUTE OF TECHNOLOGY  KENJAR  MANGALORE, 0
INC25-3621, Prajwal.N.T, SHREE DEVI INSTITUTE OF TECHNOLOGY  KENJAR  MANGALORE, 0
INC25-3663, Appuraj gowda gs, SHREE DEVI INSTITUTE OF TECHNOLOGY  KENJAR  MANGALORE, 0
INC25-3665, Appuraj  Gowda gs, SHREE DEVI INSTITUTE OF TECHNOLOGY  KENJAR  MANGALORE, 0
INC25-5405, Hema K N, SHREE DEVI INSTITUTE OF TECHNOLOGY  KENJAR  MANGALORE, 0
INC25-7435, Afnan, SHREE DEVI INSTITUTE OF TECHNOLOGY  KENJAR  MANGALORE, 0
INC25-7688, Sandra, SHREE DEVI INSTITUTE OF TECHNOLOGY  KENJAR  MANGALORE, 0
INC25-7689, Sandra, SHREE DEVI INSTITUTE OF TECHNOLOGY  KENJAR  MANGALORE, 0
INC25-8119, Karthik poojary, SHREE DEVI INSTITUTE OF TECHNOLOGY  KENJAR  MANGALORE, 0
