PID, User name, College Name, No. of events attended
INC25-0231, Vikas, SHRI MADHWA VADIRAJA INSTITUTE OF TECHNOLOGY AND MANAGEMENT BANTAKAL, 0
INC25-0524, Dhrithi Karkera , SHRI MADHWA VADIRAJA INSTITUTE OF TECHNOLOGY AND MANAGEMENT BANTAKAL, 1
INC25-0625, Poornananda nayak, SHRI MADHWA VADIRAJA INSTITUTE OF TECHNOLOGY AND MANAGEMENT BANTAKAL, 4
INC25-0819, Rohan mendon , SHRI MADHWA VADIRAJA INSTITUTE OF TECHNOLOGY AND MANAGEMENT BANTAKAL, 0
INC25-0900, Shreya S Naik, SHRI MADHWA VADIRAJA INSTITUTE OF TECHNOLOGY AND MANAGEMENT BANTAKAL, 3
INC25-0904, Shivani , SHRI MADHWA VADIRAJA INSTITUTE OF TECHNOLOGY AND MANAGEMENT BANTAKAL, 3
INC25-0920, Ananya Bhat , SHRI MADHWA VADIRAJA INSTITUTE OF TECHNOLOGY AND MANAGEMENT BANTAKAL, 1
INC25-0947, Adithi , SHRI MADHWA VADIRAJA INSTITUTE OF TECHNOLOGY AND MANAGEMENT BANTAKAL, 0
INC25-1185, Chethan V Kotian, SHRI MADHWA VADIRAJA INSTITUTE OF TECHNOLOGY AND MANAGEMENT BANTAKAL, 2
INC25-1195, Poorvikapriya S , SHRI MADHWA VADIRAJA INSTITUTE OF TECHNOLOGY AND MANAGEMENT BANTAKAL, 3
INC25-1219, Shreyas , SHRI MADHWA VADIRAJA INSTITUTE OF TECHNOLOGY AND MANAGEMENT BANTAKAL, 0
INC25-1258, Sangvi K, SHRI MADHWA VADIRAJA INSTITUTE OF TECHNOLOGY AND MANAGEMENT BANTAKAL, 5
INC25-1259, Sanjana Bhomkar , SHRI MADHWA VADIRAJA INSTITUTE OF TECHNOLOGY AND MANAGEMENT BANTAKAL, 0
INC25-1438, Spoorthy S Bhat , SHRI MADHWA VADIRAJA INSTITUTE OF TECHNOLOGY AND MANAGEMENT BANTAKAL, 0
INC25-1452, PradyumnaU U, SHRI MADHWA VADIRAJA INSTITUTE OF TECHNOLOGY AND MANAGEMENT BANTAKAL, 0
INC25-1506, Sindhu, SHRI MADHWA VADIRAJA INSTITUTE OF TECHNOLOGY AND MANAGEMENT BANTAKAL, 0
INC25-1740, Rakshith G Desai, SHRI MADHWA VADIRAJA INSTITUTE OF TECHNOLOGY AND MANAGEMENT BANTAKAL, 0
INC25-1742, RAHUL MENDON, SHRI MADHWA VADIRAJA INSTITUTE OF TECHNOLOGY AND MANAGEMENT BANTAKAL, 0
INC25-1792, K VIJETH V NAIK, SHRI MADHWA VADIRAJA INSTITUTE OF TECHNOLOGY AND MANAGEMENT BANTAKAL, 0
INC25-1839, Priyanka, SHRI MADHWA VADIRAJA INSTITUTE OF TECHNOLOGY AND MANAGEMENT BANTAKAL, 0
INC25-1912, Tushar Shetty, SHRI MADHWA VADIRAJA INSTITUTE OF TECHNOLOGY AND MANAGEMENT BANTAKAL, 0
INC25-1914, Sudhith Shetty, SHRI MADHWA VADIRAJA INSTITUTE OF TECHNOLOGY AND MANAGEMENT BANTAKAL, 0
INC25-1922, Raveesh, SHRI MADHWA VADIRAJA INSTITUTE OF TECHNOLOGY AND MANAGEMENT BANTAKAL, 1
INC25-1928, Yashaswini , SHRI MADHWA VADIRAJA INSTITUTE OF TECHNOLOGY AND MANAGEMENT BANTAKAL, 1
INC25-1932, Chitkala H, SHRI MADHWA VADIRAJA INSTITUTE OF TECHNOLOGY AND MANAGEMENT BANTAKAL, 1
INC25-2068, K Anusha V Prabhu, SHRI MADHWA VADIRAJA INSTITUTE OF TECHNOLOGY AND MANAGEMENT BANTAKAL, 5
INC25-2077, Shashank, SHRI MADHWA VADIRAJA INSTITUTE OF TECHNOLOGY AND MANAGEMENT BANTAKAL, 1
INC25-2443, Sanjana bhomkar, SHRI MADHWA VADIRAJA INSTITUTE OF TECHNOLOGY AND MANAGEMENT BANTAKAL, 4
INC25-2494, Prakrathi, SHRI MADHWA VADIRAJA INSTITUTE OF TECHNOLOGY AND MANAGEMENT BANTAKAL, 0
INC25-2575, Gowri Bhat, SHRI MADHWA VADIRAJA INSTITUTE OF TECHNOLOGY AND MANAGEMENT BANTAKAL, 2
INC25-2656, Peter Joao, SHRI MADHWA VADIRAJA INSTITUTE OF TECHNOLOGY AND MANAGEMENT BANTAKAL, 0
INC25-2870, Charan S Rao , SHRI MADHWA VADIRAJA INSTITUTE OF TECHNOLOGY AND MANAGEMENT BANTAKAL, 0
INC25-2896, Abhishek kini, SHRI MADHWA VADIRAJA INSTITUTE OF TECHNOLOGY AND MANAGEMENT BANTAKAL, 1
INC25-3061, Prajwal Gulvadi, SHRI MADHWA VADIRAJA INSTITUTE OF TECHNOLOGY AND MANAGEMENT BANTAKAL, 0
INC25-3075, Ivan dsouza , SHRI MADHWA VADIRAJA INSTITUTE OF TECHNOLOGY AND MANAGEMENT BANTAKAL, 0
INC25-3413, Manvitha pai, SHRI MADHWA VADIRAJA INSTITUTE OF TECHNOLOGY AND MANAGEMENT BANTAKAL, 1
INC25-3415, Manvitha , SHRI MADHWA VADIRAJA INSTITUTE OF TECHNOLOGY AND MANAGEMENT BANTAKAL, 1
INC25-3429, Poornitha, SHRI MADHWA VADIRAJA INSTITUTE OF TECHNOLOGY AND MANAGEMENT BANTAKAL, 0
INC25-3545, Guruganesh N Bhat, SHRI MADHWA VADIRAJA INSTITUTE OF TECHNOLOGY AND MANAGEMENT BANTAKAL, 3
INC25-3560, ria shetty, SHRI MADHWA VADIRAJA INSTITUTE OF TECHNOLOGY AND MANAGEMENT BANTAKAL, 4
INC25-3561, K Kamakshi G Nayak , SHRI MADHWA VADIRAJA INSTITUTE OF TECHNOLOGY AND MANAGEMENT BANTAKAL, 2
INC25-3664, Shreyas shetty, SHRI MADHWA VADIRAJA INSTITUTE OF TECHNOLOGY AND MANAGEMENT BANTAKAL, 0
INC25-3708, Varun S, SHRI MADHWA VADIRAJA INSTITUTE OF TECHNOLOGY AND MANAGEMENT BANTAKAL, 1
INC25-3726, Thanisha Fernandes, SHRI MADHWA VADIRAJA INSTITUTE OF TECHNOLOGY AND MANAGEMENT BANTAKAL, 0
INC25-3896, PradyumnaU U, SHRI MADHWA VADIRAJA INSTITUTE OF TECHNOLOGY AND MANAGEMENT BANTAKAL, 2
INC25-3899, Sathwik S bhat, SHRI MADHWA VADIRAJA INSTITUTE OF TECHNOLOGY AND MANAGEMENT BANTAKAL, 2
INC25-3901, SHREEKIRAN Bhat, SHRI MADHWA VADIRAJA INSTITUTE OF TECHNOLOGY AND MANAGEMENT BANTAKAL, 2
INC25-3918, Lestor , SHRI MADHWA VADIRAJA INSTITUTE OF TECHNOLOGY AND MANAGEMENT BANTAKAL, 0
INC25-3940, Vignesh, SHRI MADHWA VADIRAJA INSTITUTE OF TECHNOLOGY AND MANAGEMENT BANTAKAL, 0
INC25-4074, Neola Princia Dsilva , SHRI MADHWA VADIRAJA INSTITUTE OF TECHNOLOGY AND MANAGEMENT BANTAKAL, 0
INC25-4096, Prateek M Sarang , SHRI MADHWA VADIRAJA INSTITUTE OF TECHNOLOGY AND MANAGEMENT BANTAKAL, 0
INC25-4144, Tanusha , SHRI MADHWA VADIRAJA INSTITUTE OF TECHNOLOGY AND MANAGEMENT BANTAKAL, 1
INC25-4156, Nimishamba M, SHRI MADHWA VADIRAJA INSTITUTE OF TECHNOLOGY AND MANAGEMENT BANTAKAL, 1
INC25-4232, Harshith Acharya , SHRI MADHWA VADIRAJA INSTITUTE OF TECHNOLOGY AND MANAGEMENT BANTAKAL, 8
INC25-4243, Annapurna Shenoy, SHRI MADHWA VADIRAJA INSTITUTE OF TECHNOLOGY AND MANAGEMENT BANTAKAL, 8
INC25-4305, muhammed armaan, SHRI MADHWA VADIRAJA INSTITUTE OF TECHNOLOGY AND MANAGEMENT BANTAKAL, 1
INC25-4306, Shashwath, SHRI MADHWA VADIRAJA INSTITUTE OF TECHNOLOGY AND MANAGEMENT BANTAKAL, 1
INC25-4328, K Anusha V Prabhu, SHRI MADHWA VADIRAJA INSTITUTE OF TECHNOLOGY AND MANAGEMENT BANTAKAL, 0
INC25-4335, Avril Fiona, SHRI MADHWA VADIRAJA INSTITUTE OF TECHNOLOGY AND MANAGEMENT BANTAKAL, 1
INC25-4538, Shreesha, SHRI MADHWA VADIRAJA INSTITUTE OF TECHNOLOGY AND MANAGEMENT BANTAKAL, 0
INC25-4681, Sameeksha, SHRI MADHWA VADIRAJA INSTITUTE OF TECHNOLOGY AND MANAGEMENT BANTAKAL, 0
INC25-4686, Sameeksha, SHRI MADHWA VADIRAJA INSTITUTE OF TECHNOLOGY AND MANAGEMENT BANTAKAL, 0
INC25-4757, Justin Adam Aroza, SHRI MADHWA VADIRAJA INSTITUTE OF TECHNOLOGY AND MANAGEMENT BANTAKAL, 0
INC25-4762, Kevin Mendonsa, SHRI MADHWA VADIRAJA INSTITUTE OF TECHNOLOGY AND MANAGEMENT BANTAKAL, 0
INC25-4841, Anvitha v, SHRI MADHWA VADIRAJA INSTITUTE OF TECHNOLOGY AND MANAGEMENT BANTAKAL, 1
INC25-4921, M Manish , SHRI MADHWA VADIRAJA INSTITUTE OF TECHNOLOGY AND MANAGEMENT BANTAKAL, 2
INC25-4922, Nishanth A Jatthan , SHRI MADHWA VADIRAJA INSTITUTE OF TECHNOLOGY AND MANAGEMENT BANTAKAL, 3
INC25-4972, Gaurav Shetty , SHRI MADHWA VADIRAJA INSTITUTE OF TECHNOLOGY AND MANAGEMENT BANTAKAL, 0
INC25-4988, Suraj Bhagavath, SHRI MADHWA VADIRAJA INSTITUTE OF TECHNOLOGY AND MANAGEMENT BANTAKAL, 1
INC25-5069, Kaushik A, SHRI MADHWA VADIRAJA INSTITUTE OF TECHNOLOGY AND MANAGEMENT BANTAKAL, 1
INC25-5529, Adithi Nayak , SHRI MADHWA VADIRAJA INSTITUTE OF TECHNOLOGY AND MANAGEMENT BANTAKAL, 3
INC25-5530, Nayak Aditya , SHRI MADHWA VADIRAJA INSTITUTE OF TECHNOLOGY AND MANAGEMENT BANTAKAL, 1
INC25-5565, Pavan KB, SHRI MADHWA VADIRAJA INSTITUTE OF TECHNOLOGY AND MANAGEMENT BANTAKAL, 1
INC25-5811, Riston , SHRI MADHWA VADIRAJA INSTITUTE OF TECHNOLOGY AND MANAGEMENT BANTAKAL, 2
INC25-5872, Anjali , SHRI MADHWA VADIRAJA INSTITUTE OF TECHNOLOGY AND MANAGEMENT BANTAKAL, 1
INC25-6138, Karthik Bhat, SHRI MADHWA VADIRAJA INSTITUTE OF TECHNOLOGY AND MANAGEMENT BANTAKAL, 1
INC25-6139, Hithashree, SHRI MADHWA VADIRAJA INSTITUTE OF TECHNOLOGY AND MANAGEMENT BANTAKAL, 2
INC25-6159, Aron Dsouza , SHRI MADHWA VADIRAJA INSTITUTE OF TECHNOLOGY AND MANAGEMENT BANTAKAL, 0
INC25-6175, Jnanesh Shettigar, SHRI MADHWA VADIRAJA INSTITUTE OF TECHNOLOGY AND MANAGEMENT BANTAKAL, 0
INC25-6295, Pranith shetty , SHRI MADHWA VADIRAJA INSTITUTE OF TECHNOLOGY AND MANAGEMENT BANTAKAL, 0
INC25-6305, Abilash bekal, SHRI MADHWA VADIRAJA INSTITUTE OF TECHNOLOGY AND MANAGEMENT BANTAKAL, 0
INC25-6347, Drushya , SHRI MADHWA VADIRAJA INSTITUTE OF TECHNOLOGY AND MANAGEMENT BANTAKAL, 0
INC25-6392, Anwitha rao, SHRI MADHWA VADIRAJA INSTITUTE OF TECHNOLOGY AND MANAGEMENT BANTAKAL, 0
INC25-6447, Sainath M Shetty , SHRI MADHWA VADIRAJA INSTITUTE OF TECHNOLOGY AND MANAGEMENT BANTAKAL, 1
INC25-6454, Karthik , SHRI MADHWA VADIRAJA INSTITUTE OF TECHNOLOGY AND MANAGEMENT BANTAKAL, 0
INC25-6455, Aniruddha Patkar, SHRI MADHWA VADIRAJA INSTITUTE OF TECHNOLOGY AND MANAGEMENT BANTAKAL, 1
INC25-6460, Daniel Rodrigues , SHRI MADHWA VADIRAJA INSTITUTE OF TECHNOLOGY AND MANAGEMENT BANTAKAL, 0
INC25-6476, Karthik S, SHRI MADHWA VADIRAJA INSTITUTE OF TECHNOLOGY AND MANAGEMENT BANTAKAL, 0
INC25-6499, Vaibhav Mendon, SHRI MADHWA VADIRAJA INSTITUTE OF TECHNOLOGY AND MANAGEMENT BANTAKAL, 0
INC25-6505, Sharanya, SHRI MADHWA VADIRAJA INSTITUTE OF TECHNOLOGY AND MANAGEMENT BANTAKAL, 0
INC25-6568, Aditya Bhat, SHRI MADHWA VADIRAJA INSTITUTE OF TECHNOLOGY AND MANAGEMENT BANTAKAL, 1
INC25-6595, Nithin poojary, SHRI MADHWA VADIRAJA INSTITUTE OF TECHNOLOGY AND MANAGEMENT BANTAKAL, 1
INC25-7320, Dashamee , SHRI MADHWA VADIRAJA INSTITUTE OF TECHNOLOGY AND MANAGEMENT BANTAKAL, 0
INC25-7428, Shivaprasad, SHRI MADHWA VADIRAJA INSTITUTE OF TECHNOLOGY AND MANAGEMENT BANTAKAL, 0
INC25-7481, Sanjith, SHRI MADHWA VADIRAJA INSTITUTE OF TECHNOLOGY AND MANAGEMENT BANTAKAL, 0
INC25-7484, Deekshith , SHRI MADHWA VADIRAJA INSTITUTE OF TECHNOLOGY AND MANAGEMENT BANTAKAL, 0
INC25-7488, Sujan, SHRI MADHWA VADIRAJA INSTITUTE OF TECHNOLOGY AND MANAGEMENT BANTAKAL, 0
INC25-7489, Preetham, SHRI MADHWA VADIRAJA INSTITUTE OF TECHNOLOGY AND MANAGEMENT BANTAKAL, 0
INC25-7493, Aneesh R Rao, SHRI MADHWA VADIRAJA INSTITUTE OF TECHNOLOGY AND MANAGEMENT BANTAKAL, 0
INC25-7494, Austin Fernandes, SHRI MADHWA VADIRAJA INSTITUTE OF TECHNOLOGY AND MANAGEMENT BANTAKAL, 0
INC25-7496, Anush , SHRI MADHWA VADIRAJA INSTITUTE OF TECHNOLOGY AND MANAGEMENT BANTAKAL, 0
INC25-7497, Rithesh , SHRI MADHWA VADIRAJA INSTITUTE OF TECHNOLOGY AND MANAGEMENT BANTAKAL, 0
INC25-7502, Sujan, SHRI MADHWA VADIRAJA INSTITUTE OF TECHNOLOGY AND MANAGEMENT BANTAKAL, 0
INC25-7518, Sujan, SHRI MADHWA VADIRAJA INSTITUTE OF TECHNOLOGY AND MANAGEMENT BANTAKAL, 0
INC25-7534, Swasthik, SHRI MADHWA VADIRAJA INSTITUTE OF TECHNOLOGY AND MANAGEMENT BANTAKAL, 0
INC25-7558, Srinidhi Bhat, SHRI MADHWA VADIRAJA INSTITUTE OF TECHNOLOGY AND MANAGEMENT BANTAKAL, 0
INC25-7559, Shreeharsha Girish Gunaga , SHRI MADHWA VADIRAJA INSTITUTE OF TECHNOLOGY AND MANAGEMENT BANTAKAL, 0
INC25-7628, Sagar Shetty, SHRI MADHWA VADIRAJA INSTITUTE OF TECHNOLOGY AND MANAGEMENT BANTAKAL, 0
INC25-7629, Yasha p shetty, SHRI MADHWA VADIRAJA INSTITUTE OF TECHNOLOGY AND MANAGEMENT BANTAKAL, 0
INC25-7632, Yasha S Shetty, SHRI MADHWA VADIRAJA INSTITUTE OF TECHNOLOGY AND MANAGEMENT BANTAKAL, 0
INC25-7636, Srashti shetty , SHRI MADHWA VADIRAJA INSTITUTE OF TECHNOLOGY AND MANAGEMENT BANTAKAL, 0
INC25-7639, suhas jogi, SHRI MADHWA VADIRAJA INSTITUTE OF TECHNOLOGY AND MANAGEMENT BANTAKAL, 0
INC25-7698, Yatin, SHRI MADHWA VADIRAJA INSTITUTE OF TECHNOLOGY AND MANAGEMENT BANTAKAL, 0
INC25-7733, Shivani Salian , SHRI MADHWA VADIRAJA INSTITUTE OF TECHNOLOGY AND MANAGEMENT BANTAKAL, 0
INC25-7793, Pareekshith Kumar, SHRI MADHWA VADIRAJA INSTITUTE OF TECHNOLOGY AND MANAGEMENT BANTAKAL, 0
INC25-7807, Swathanath S , SHRI MADHWA VADIRAJA INSTITUTE OF TECHNOLOGY AND MANAGEMENT BANTAKAL, 0
INC25-7808, Nikita C Hegde , SHRI MADHWA VADIRAJA INSTITUTE OF TECHNOLOGY AND MANAGEMENT BANTAKAL, 0
INC25-7813, Ananya Morab , SHRI MADHWA VADIRAJA INSTITUTE OF TECHNOLOGY AND MANAGEMENT BANTAKAL, 0
INC25-7824, Ashlesh, SHRI MADHWA VADIRAJA INSTITUTE OF TECHNOLOGY AND MANAGEMENT BANTAKAL, 0
INC25-7853, Prathvi, SHRI MADHWA VADIRAJA INSTITUTE OF TECHNOLOGY AND MANAGEMENT BANTAKAL, 0
INC25-7887, Karan B Shetty, SHRI MADHWA VADIRAJA INSTITUTE OF TECHNOLOGY AND MANAGEMENT BANTAKAL, 0
INC25-8021, Pranav , SHRI MADHWA VADIRAJA INSTITUTE OF TECHNOLOGY AND MANAGEMENT BANTAKAL, 0
INC25-8056, Poorvi sunil dev, SHRI MADHWA VADIRAJA INSTITUTE OF TECHNOLOGY AND MANAGEMENT BANTAKAL, 0
INC25-8063, Adithya S Sherigar, SHRI MADHWA VADIRAJA INSTITUTE OF TECHNOLOGY AND MANAGEMENT BANTAKAL, 0
INC25-8065, Adithya S Sherigar, SHRI MADHWA VADIRAJA INSTITUTE OF TECHNOLOGY AND MANAGEMENT BANTAKAL, 0
INC25-8139, Prashul P Poojary , SHRI MADHWA VADIRAJA INSTITUTE OF TECHNOLOGY AND MANAGEMENT BANTAKAL, 0
INC25-8140, Sunidhi Bhat , SHRI MADHWA VADIRAJA INSTITUTE OF TECHNOLOGY AND MANAGEMENT BANTAKAL, 0
INC25-8181, Varun, SHRI MADHWA VADIRAJA INSTITUTE OF TECHNOLOGY AND MANAGEMENT BANTAKAL, 0
INC25-8182, PALAKSHA BHAT, SHRI MADHWA VADIRAJA INSTITUTE OF TECHNOLOGY AND MANAGEMENT BANTAKAL, 0
