PID, User name, College Name, No. of events attended
INC25-1190, Panchashree , SRINIVAS INSTITUTE OF TECHNOLOGY  VALACHIL, 0
INC25-1246, Chirag , SRINIVAS INSTITUTE OF TECHNOLOGY  VALACHIL, 0
INC25-2176, Soujanya , SRINIVAS INSTITUTE OF TECHNOLOGY  VALACHIL, 0
INC25-2502, Morries Harry, SRINIVAS INSTITUTE OF TECHNOLOGY  VALACHIL, 0
INC25-3595, Anish, SRINIVAS INSTITUTE OF TECHNOLOGY  VALACHIL, 0
INC25-3744, Srishti Shetty, SRINIVAS INSTITUTE OF TECHNOLOGY  VALACHIL, 0
INC25-3870, Abhishek, SRINIVAS INSTITUTE OF TECHNOLOGY  VALACHIL, 0
INC25-4089, Rajath S Shet, SRINIVAS INSTITUTE OF TECHNOLOGY  VALACHIL, 0
INC25-4479, Samarth S, SRINIVAS INSTITUTE OF TECHNOLOGY  VALACHIL, 2
INC25-4709, SAKET L KUMBLA, SRINIVAS INSTITUTE OF TECHNOLOGY  VALACHIL, 1
INC25-4723, Athmi Shetty, SRINIVAS INSTITUTE OF TECHNOLOGY  VALACHIL, 2
INC25-4974, Amshith, SRINIVAS INSTITUTE OF TECHNOLOGY  VALACHIL, 0
INC25-4983, Nikhil Jagannath Salian , SRINIVAS INSTITUTE OF TECHNOLOGY  VALACHIL, 1
INC25-5389, Ananya, SRINIVAS INSTITUTE OF TECHNOLOGY  VALACHIL, 0
INC25-5411, Sanjay V P, SRINIVAS INSTITUTE OF TECHNOLOGY  VALACHIL, 3
INC25-5696, Mahammad Safwan T, SRINIVAS INSTITUTE OF TECHNOLOGY  VALACHIL, 1
INC25-5699, Mohammad Rayeef, SRINIVAS INSTITUTE OF TECHNOLOGY  VALACHIL, 1
INC25-5701, Priya Manjunath Naik , SRINIVAS INSTITUTE OF TECHNOLOGY  VALACHIL, 1
INC25-5705, GANGOTHRI . D, SRINIVAS INSTITUTE OF TECHNOLOGY  VALACHIL, 2
INC25-5709, Sakshi M Bangera , SRINIVAS INSTITUTE OF TECHNOLOGY  VALACHIL, 1
INC25-5990, Arpitha, SRINIVAS INSTITUTE OF TECHNOLOGY  VALACHIL, 1
INC25-6332, Dheeraj.D , SRINIVAS INSTITUTE OF TECHNOLOGY  VALACHIL, 0
INC25-6428, Ashwin, SRINIVAS INSTITUTE OF TECHNOLOGY  VALACHIL, 1
INC25-6451, Ruble jibi, SRINIVAS INSTITUTE OF TECHNOLOGY  VALACHIL, 0
INC25-7220, Ujwal Bangera, SRINIVAS INSTITUTE OF TECHNOLOGY  VALACHIL, 1
INC25-7229, Mohith K U, SRINIVAS INSTITUTE OF TECHNOLOGY  VALACHIL, 1
INC25-7473, Vivek thomas k, SRINIVAS INSTITUTE OF TECHNOLOGY  VALACHIL, 0
INC25-7482, Rashmi , SRINIVAS INSTITUTE OF TECHNOLOGY  VALACHIL, 0
INC25-7665, Shanesh S Poojari, SRINIVAS INSTITUTE OF TECHNOLOGY  VALACHIL, 0
INC25-7709, SURAJ S RAO, SRINIVAS INSTITUTE OF TECHNOLOGY  VALACHIL, 0
INC25-7749, Vishal, SRINIVAS INSTITUTE OF TECHNOLOGY  VALACHIL, 0
INC25-7758, Pavan, SRINIVAS INSTITUTE OF TECHNOLOGY  VALACHIL, 1
INC25-7760, DATTAPRASAD H SHETTY, SRINIVAS INSTITUTE OF TECHNOLOGY  VALACHIL, 0
INC25-7761, Ashmitha Nayana Jain , SRINIVAS INSTITUTE OF TECHNOLOGY  VALACHIL, 1
INC25-7763, Krithika y gatty, SRINIVAS INSTITUTE OF TECHNOLOGY  VALACHIL, 0
INC25-7764, Tanvi R Devadiga , SRINIVAS INSTITUTE OF TECHNOLOGY  VALACHIL, 0
INC25-7767, Preethika, SRINIVAS INSTITUTE OF TECHNOLOGY  VALACHIL, 1
INC25-7769, Malavika Ganesh M.V, SRINIVAS INSTITUTE OF TECHNOLOGY  VALACHIL, 1
INC25-7770, Koushik ks, SRINIVAS INSTITUTE OF TECHNOLOGY  VALACHIL, 1
INC25-7771, Aishwarya, SRINIVAS INSTITUTE OF TECHNOLOGY  VALACHIL, 1
INC25-7772, Deeksha, SRINIVAS INSTITUTE OF TECHNOLOGY  VALACHIL, 0
INC25-7775, Dheeraj.D , SRINIVAS INSTITUTE OF TECHNOLOGY  VALACHIL, 0
INC25-7777, Krithika y gatty , SRINIVAS INSTITUTE OF TECHNOLOGY  VALACHIL, 1
INC25-7778, Tanvi Rukmayya Devadiga , SRINIVAS INSTITUTE OF TECHNOLOGY  VALACHIL, 1
INC25-7779, Shridevi, SRINIVAS INSTITUTE OF TECHNOLOGY  VALACHIL, 1
INC25-7780, K.Charanraj, SRINIVAS INSTITUTE OF TECHNOLOGY  VALACHIL, 1
INC25-7784, Nishitha , SRINIVAS INSTITUTE OF TECHNOLOGY  VALACHIL, 1
INC25-7785, Gowthami , SRINIVAS INSTITUTE OF TECHNOLOGY  VALACHIL, 1
INC25-7811, Deeksha, SRINIVAS INSTITUTE OF TECHNOLOGY  VALACHIL, 0
INC25-7814, Deeksha, SRINIVAS INSTITUTE OF TECHNOLOGY  VALACHIL, 1
INC25-7932, Sharath k, SRINIVAS INSTITUTE OF TECHNOLOGY  VALACHIL, 0
INC25-7934, Dhanush Tantry, SRINIVAS INSTITUTE OF TECHNOLOGY  VALACHIL, 0
INC25-7948, Vaibhav, SRINIVAS INSTITUTE OF TECHNOLOGY  VALACHIL, 0
INC25-7953, Sunay y anchan, SRINIVAS INSTITUTE OF TECHNOLOGY  VALACHIL, 0
INC25-7957, Sunay y anchan, SRINIVAS INSTITUTE OF TECHNOLOGY  VALACHIL, 0
INC25-8196, Shelton Cutinha, SRINIVAS INSTITUTE OF TECHNOLOGY  VALACHIL, 0
