PID, User name, College Name, No. of events attended
INC25-0047, Disha, SRINIVAS INSTITUTE OF TECHNOLOGY  MUKKA, 0
INC25-0329, Mohammed saifaaz, SRINIVAS INSTITUTE OF TECHNOLOGY  MUKKA, 0
INC25-1865, Yogeshwar, SRINIVAS INSTITUTE OF TECHNOLOGY  MUKKA, 0
INC25-1947, Adithya S, SRINIVAS INSTITUTE OF TECHNOLOGY  MUKKA, 0
INC25-3694, N Nithin Kumar, SRINIVAS INSTITUTE OF TECHNOLOGY  MUKKA, 0
INC25-3706, Sumant bhat, SRINIVAS INSTITUTE OF TECHNOLOGY  MUKKA, 0
INC25-3711, shivanandu, SRINIVAS INSTITUTE OF TECHNOLOGY  MUKKA, 0
INC25-3846, Pranavi rai, SRINIVAS INSTITUTE OF TECHNOLOGY  MUKKA, 0
INC25-3847, Spandana S N, SRINIVAS INSTITUTE OF TECHNOLOGY  MUKKA, 0
INC25-4049, Lasya K Anchan, SRINIVAS INSTITUTE OF TECHNOLOGY  MUKKA, 0
INC25-4051, Lasya, SRINIVAS INSTITUTE OF TECHNOLOGY  MUKKA, 0
INC25-4509, Ashrith R Shetty, SRINIVAS INSTITUTE OF TECHNOLOGY  MUKKA, 0
INC25-4524, Shreyas, SRINIVAS INSTITUTE OF TECHNOLOGY  MUKKA, 0
INC25-5210, Anoop G, SRINIVAS INSTITUTE OF TECHNOLOGY  MUKKA, 0
INC25-5340, Anoop G, SRINIVAS INSTITUTE OF TECHNOLOGY  MUKKA, 0
INC25-5424, Pranav Kumar, SRINIVAS INSTITUTE OF TECHNOLOGY  MUKKA, 0
INC25-5426, samvith nair, SRINIVAS INSTITUTE OF TECHNOLOGY  MUKKA, 0
INC25-5436, Pradyumna , SRINIVAS INSTITUTE OF TECHNOLOGY  MUKKA, 0
INC25-5499, Pragya Sipani, SRINIVAS INSTITUTE OF TECHNOLOGY  MUKKA, 0
INC25-5509, Anusha B, SRINIVAS INSTITUTE OF TECHNOLOGY  MUKKA, 0
INC25-5613, Shraddha, SRINIVAS INSTITUTE OF TECHNOLOGY  MUKKA, 0
INC25-5686, Nathan Justin Suvarna, SRINIVAS INSTITUTE OF TECHNOLOGY  MUKKA, 0
INC25-5809, sheikh abiruddin, SRINIVAS INSTITUTE OF TECHNOLOGY  MUKKA, 0
INC25-5842, Shubrath B Shetty, SRINIVAS INSTITUTE OF TECHNOLOGY  MUKKA, 0
INC25-5847, Sandesh Saradgi, SRINIVAS INSTITUTE OF TECHNOLOGY  MUKKA, 0
INC25-5940, Kirtan , SRINIVAS INSTITUTE OF TECHNOLOGY  MUKKA, 0
INC25-6262, Nikitha Nandi, SRINIVAS INSTITUTE OF TECHNOLOGY  MUKKA, 0
INC25-6313, Saketh S, SRINIVAS INSTITUTE OF TECHNOLOGY  MUKKA, 0
INC25-6348, Vaishak N, SRINIVAS INSTITUTE OF TECHNOLOGY  MUKKA, 0
INC25-6400, Sithara R Shettigar, SRINIVAS INSTITUTE OF TECHNOLOGY  MUKKA, 0
INC25-6407, Sithara R Shettigar, SRINIVAS INSTITUTE OF TECHNOLOGY  MUKKA, 0
INC25-6408, Sithara R Shettigar, SRINIVAS INSTITUTE OF TECHNOLOGY  MUKKA, 0
INC25-6462, Abdul Shoib, SRINIVAS INSTITUTE OF TECHNOLOGY  MUKKA, 0
INC25-6464, Abdul saim , SRINIVAS INSTITUTE OF TECHNOLOGY  MUKKA, 0
INC25-6720, Shreyas, SRINIVAS INSTITUTE OF TECHNOLOGY  MUKKA, 0
INC25-6760, Devansh, SRINIVAS INSTITUTE OF TECHNOLOGY  MUKKA, 0
INC25-6860, Ayush , SRINIVAS INSTITUTE OF TECHNOLOGY  MUKKA, 0
INC25-7071, Suhas, SRINIVAS INSTITUTE OF TECHNOLOGY  MUKKA, 0
INC25-7293, Rohith s Nayak, SRINIVAS INSTITUTE OF TECHNOLOGY  MUKKA, 0
INC25-7353, Antharya rao, SRINIVAS INSTITUTE OF TECHNOLOGY  MUKKA, 0
INC25-7356, Antharya rao, SRINIVAS INSTITUTE OF TECHNOLOGY  MUKKA, 0
INC25-7525, Shreyas Shetty , SRINIVAS INSTITUTE OF TECHNOLOGY  MUKKA, 0
INC25-7528, SHREYAS S K , SRINIVAS INSTITUTE OF TECHNOLOGY  MUKKA, 0
INC25-7537, Ravindra patil, SRINIVAS INSTITUTE OF TECHNOLOGY  MUKKA, 0
INC25-7539, shreya, SRINIVAS INSTITUTE OF TECHNOLOGY  MUKKA, 0
INC25-7604, Priyamsh Dinesha Ameen, SRINIVAS INSTITUTE OF TECHNOLOGY  MUKKA, 0
INC25-7623, Sindhu k, SRINIVAS INSTITUTE OF TECHNOLOGY  MUKKA, 0
INC25-7631, Tushara Nidyamale , SRINIVAS INSTITUTE OF TECHNOLOGY  MUKKA, 0
INC25-7671, Shriya jain , SRINIVAS INSTITUTE OF TECHNOLOGY  MUKKA, 0
INC25-7729, elvina, SRINIVAS INSTITUTE OF TECHNOLOGY  MUKKA, 0
INC25-7730, Sameeksha kulal, SRINIVAS INSTITUTE OF TECHNOLOGY  MUKKA, 0
INC25-7731, Sameeksha kulal, SRINIVAS INSTITUTE OF TECHNOLOGY  MUKKA, 0
