PID, User name, College Name, No. of events attended
INC25-0200, Richelle Saldanha , ST JOSEPH'S ENGINEERING COLLEGE, 0
INC25-0399, Shreyas K, ST JOSEPH'S ENGINEERING COLLEGE, 0
INC25-0540, Ashish Y G, ST JOSEPH'S ENGINEERING COLLEGE, 0
INC25-0889, Bhoomica , ST JOSEPH'S ENGINEERING COLLEGE, 0
INC25-0923, Vijay Kumar , ST JOSEPH'S ENGINEERING COLLEGE, 2
INC25-0989, Mave Lobo , ST JOSEPH'S ENGINEERING COLLEGE, 0
INC25-1016, Akhil Isac Mathew , ST JOSEPH'S ENGINEERING COLLEGE, 4
INC25-1066, Bhuvin Rai, ST JOSEPH'S ENGINEERING COLLEGE, 0
INC25-1144, Thrisha S, ST JOSEPH'S ENGINEERING COLLEGE, 0
INC25-1147, Lahari S, ST JOSEPH'S ENGINEERING COLLEGE, 0
INC25-1157, Akanksha, ST JOSEPH'S ENGINEERING COLLEGE, 3
INC25-1163, Abhinav P Jain, ST JOSEPH'S ENGINEERING COLLEGE, 0
INC25-1183, Pratham K S, ST JOSEPH'S ENGINEERING COLLEGE, 0
INC25-1184, Pratham K S, ST JOSEPH'S ENGINEERING COLLEGE, 0
INC25-1194, Luke Roman Noronha, ST JOSEPH'S ENGINEERING COLLEGE, 0
INC25-1221, Srijan S Shetty, ST JOSEPH'S ENGINEERING COLLEGE, 0
INC25-1283, Stacia, ST JOSEPH'S ENGINEERING COLLEGE, 0
INC25-1300, Tushar J Kotian, ST JOSEPH'S ENGINEERING COLLEGE, 0
INC25-1370, Amogh, ST JOSEPH'S ENGINEERING COLLEGE, 2
INC25-1371, Praneeth Krishna Konchady, ST JOSEPH'S ENGINEERING COLLEGE, 1
INC25-1397, Ayush Rai, ST JOSEPH'S ENGINEERING COLLEGE, 0
INC25-1420, Shayan Salian, ST JOSEPH'S ENGINEERING COLLEGE, 0
INC25-1422, Shayan Salian, ST JOSEPH'S ENGINEERING COLLEGE, 0
INC25-1634, Loy Aaron Dsouza , ST JOSEPH'S ENGINEERING COLLEGE, 0
INC25-1785, Arel samuel daouza, ST JOSEPH'S ENGINEERING COLLEGE, 0
INC25-1797, Winston Dsouza, ST JOSEPH'S ENGINEERING COLLEGE, 0
INC25-1817, Raksha shenoy, ST JOSEPH'S ENGINEERING COLLEGE, 0
INC25-1819, skandeah , ST JOSEPH'S ENGINEERING COLLEGE, 0
INC25-1891, Princeson , ST JOSEPH'S ENGINEERING COLLEGE, 0
INC25-1950, Prajith Jose, ST JOSEPH'S ENGINEERING COLLEGE, 1
INC25-1985, glevin shaun rodriguez, ST JOSEPH'S ENGINEERING COLLEGE, 1
INC25-2006, SuhanBH , ST JOSEPH'S ENGINEERING COLLEGE, 0
INC25-2169, Shane, ST JOSEPH'S ENGINEERING COLLEGE, 0
INC25-2392, Nikshith H, ST JOSEPH'S ENGINEERING COLLEGE, 0
INC25-2394, Prinston Pinto, ST JOSEPH'S ENGINEERING COLLEGE, 0
INC25-3070, Shane, ST JOSEPH'S ENGINEERING COLLEGE, 0
INC25-3078, Alvena, ST JOSEPH'S ENGINEERING COLLEGE, 0
INC25-3200, chirag Shriyan, ST JOSEPH'S ENGINEERING COLLEGE, 3
INC25-3213, Dhyaan K Poojary, ST JOSEPH'S ENGINEERING COLLEGE, 1
INC25-3308, Kunal, ST JOSEPH'S ENGINEERING COLLEGE, 0
INC25-3422, HITHA SHETTY, ST JOSEPH'S ENGINEERING COLLEGE, 0
INC25-3468, Nripali S rao, ST JOSEPH'S ENGINEERING COLLEGE, 0
INC25-3529, Saneha Santhosh, ST JOSEPH'S ENGINEERING COLLEGE, 0
INC25-3541, Siddhanth, ST JOSEPH'S ENGINEERING COLLEGE, 0
INC25-3656, Joel Carol Moras, ST JOSEPH'S ENGINEERING COLLEGE, 5
INC25-3659, Reon Dsouza , ST JOSEPH'S ENGINEERING COLLEGE, 4
INC25-3660, Melric Elroy Dsouza , ST JOSEPH'S ENGINEERING COLLEGE, 4
INC25-3764, Aaron Lewis, ST JOSEPH'S ENGINEERING COLLEGE, 1
INC25-3914, P Vishwas Karanth, ST JOSEPH'S ENGINEERING COLLEGE, 1
INC25-3925, Dhawan, ST JOSEPH'S ENGINEERING COLLEGE, 4
INC25-4012, Alden Joshua Pinto, ST JOSEPH'S ENGINEERING COLLEGE, 1
INC25-4035, Apeksha S, ST JOSEPH'S ENGINEERING COLLEGE, 2
INC25-4037, Adish R Devadiga, ST JOSEPH'S ENGINEERING COLLEGE, 2
INC25-4053, Rachel Alva, ST JOSEPH'S ENGINEERING COLLEGE, 1
INC25-4173, Sahana H Kanchan, ST JOSEPH'S ENGINEERING COLLEGE, 0
INC25-4174, Sahana H Kanchan, ST JOSEPH'S ENGINEERING COLLEGE, 0
INC25-4215, Oxford Hawkins Dsilva, ST JOSEPH'S ENGINEERING COLLEGE, 1
INC25-4389, Chrisyl, ST JOSEPH'S ENGINEERING COLLEGE, 0
INC25-4450, Pruthviraj K, ST JOSEPH'S ENGINEERING COLLEGE, 0
INC25-4452, Pruthviraj K, ST JOSEPH'S ENGINEERING COLLEGE, 0
INC25-4465, Suhas l karinja , ST JOSEPH'S ENGINEERING COLLEGE, 0
INC25-4655, Joseph fernandes, ST JOSEPH'S ENGINEERING COLLEGE, 0
INC25-4658, Joseph Fernandes, ST JOSEPH'S ENGINEERING COLLEGE, 5
INC25-4835, Shalom Peter Crasta, ST JOSEPH'S ENGINEERING COLLEGE, 0
INC25-4851, Pritham Akash D'Souza, ST JOSEPH'S ENGINEERING COLLEGE, 5
INC25-4864, Alston  Daniel Mendonca, ST JOSEPH'S ENGINEERING COLLEGE, 13
INC25-4870, Reevan D Mello, ST JOSEPH'S ENGINEERING COLLEGE, 15
INC25-4957, Arvin Seth, ST JOSEPH'S ENGINEERING COLLEGE, 2
INC25-5034, Sharon Tyana Menezes, ST JOSEPH'S ENGINEERING COLLEGE, 0
INC25-5058, Brenelle , ST JOSEPH'S ENGINEERING COLLEGE, 0
INC25-5074, Jenica Deanne D'Souza, ST JOSEPH'S ENGINEERING COLLEGE, 10
INC25-5085, Nicole Alberta Lasrado, ST JOSEPH'S ENGINEERING COLLEGE, 7
INC25-5135, Tarun RShetty, ST JOSEPH'S ENGINEERING COLLEGE, 0
INC25-5252, Melrick , ST JOSEPH'S ENGINEERING COLLEGE, 3
INC25-5309, Leston d almeida, ST JOSEPH'S ENGINEERING COLLEGE, 0
INC25-5311, Reevon Emmanuel Dsouza , ST JOSEPH'S ENGINEERING COLLEGE, 0
INC25-5468, Srishti Jalan, ST JOSEPH'S ENGINEERING COLLEGE, 0
INC25-5483, Divija MG, ST JOSEPH'S ENGINEERING COLLEGE, 0
INC25-5487, Leona Dsouza , ST JOSEPH'S ENGINEERING COLLEGE, 0
INC25-5495, Deepthi Shetty , ST JOSEPH'S ENGINEERING COLLEGE, 0
INC25-5506, Adon chris dsouza , ST JOSEPH'S ENGINEERING COLLEGE, 1
INC25-5512, styrish rodrigues, ST JOSEPH'S ENGINEERING COLLEGE, 1
INC25-5519, Anson, ST JOSEPH'S ENGINEERING COLLEGE, 0
INC25-5545, Chitthara K S, ST JOSEPH'S ENGINEERING COLLEGE, 0
INC25-5575, Amar Arvind Nayak, ST JOSEPH'S ENGINEERING COLLEGE, 0
INC25-5592, Shraman Shetty, ST JOSEPH'S ENGINEERING COLLEGE, 0
INC25-5612, Sam Neon D'souza , ST JOSEPH'S ENGINEERING COLLEGE, 0
INC25-5616, Sancia Sanctis, ST JOSEPH'S ENGINEERING COLLEGE, 1
INC25-5632, Gagan C Rao, ST JOSEPH'S ENGINEERING COLLEGE, 1
INC25-5644, Shravan.V.K , ST JOSEPH'S ENGINEERING COLLEGE, 3
INC25-5669, Siana Andrea Dsouza , ST JOSEPH'S ENGINEERING COLLEGE, 1
INC25-5675, larissa Oshin Dsouza, ST JOSEPH'S ENGINEERING COLLEGE, 0
INC25-5692, Royston Antony lobo, ST JOSEPH'S ENGINEERING COLLEGE, 0
INC25-5710, Anvitha G Aithal, ST JOSEPH'S ENGINEERING COLLEGE, 0
INC25-5713, Anvitha G Aithal, ST JOSEPH'S ENGINEERING COLLEGE, 1
INC25-5714, Rion Jayden Valdar , ST JOSEPH'S ENGINEERING COLLEGE, 0
INC25-5720, Riana Susan DSouza, ST JOSEPH'S ENGINEERING COLLEGE, 0
INC25-5723, Allen Martin Dsouza , ST JOSEPH'S ENGINEERING COLLEGE, 1
INC25-5735, Lishon Pereira, ST JOSEPH'S ENGINEERING COLLEGE, 1
INC25-5751, Anup Krishna N, ST JOSEPH'S ENGINEERING COLLEGE, 1
INC25-5755, Loren Ruth Barboza, ST JOSEPH'S ENGINEERING COLLEGE, 0
INC25-5759, Anmol Jeremiah Fernandes , ST JOSEPH'S ENGINEERING COLLEGE, 2
INC25-5765, Diya, ST JOSEPH'S ENGINEERING COLLEGE, 0
INC25-5800, Mave Lobo, ST JOSEPH'S ENGINEERING COLLEGE, 0
INC25-5881, Ashton Dsouza, ST JOSEPH'S ENGINEERING COLLEGE, 0
INC25-5887, Ashton Dsouza, ST JOSEPH'S ENGINEERING COLLEGE, 0
INC25-5890, Manish Gowda , ST JOSEPH'S ENGINEERING COLLEGE, 4
INC25-5891, Diya Gopal , ST JOSEPH'S ENGINEERING COLLEGE, 4
INC25-5901, Suhas L Karinja , ST JOSEPH'S ENGINEERING COLLEGE, 4
INC25-5905, Manvish M K, ST JOSEPH'S ENGINEERING COLLEGE, 4
INC25-5908, Akshay Bangera, ST JOSEPH'S ENGINEERING COLLEGE, 3
INC25-5911, Hensal Shon Mathias, ST JOSEPH'S ENGINEERING COLLEGE, 1
INC25-5936, Ashton Dsouza, ST JOSEPH'S ENGINEERING COLLEGE, 1
INC25-6090, Rortin Astral Coelho , ST JOSEPH'S ENGINEERING COLLEGE, 0
INC25-6097, Rortin Astral Coelho , ST JOSEPH'S ENGINEERING COLLEGE, 0
INC25-6158, Brett Dylan sequeira , ST JOSEPH'S ENGINEERING COLLEGE, 0
INC25-6226, Manish Naik, ST JOSEPH'S ENGINEERING COLLEGE, 2
INC25-6269, Alvita Corda, ST JOSEPH'S ENGINEERING COLLEGE, 0
INC25-6310, Achyut, ST JOSEPH'S ENGINEERING COLLEGE, 1
INC25-6329, Rovin Stephen Lobo, ST JOSEPH'S ENGINEERING COLLEGE, 0
INC25-6338, Fravio, ST JOSEPH'S ENGINEERING COLLEGE, 0
INC25-6397, Prajwal, ST JOSEPH'S ENGINEERING COLLEGE, 0
INC25-6422, Praveen.R, ST JOSEPH'S ENGINEERING COLLEGE, 0
INC25-6426, Lenn Shaun Sequeira , ST JOSEPH'S ENGINEERING COLLEGE, 1
INC25-6431, Ashton D Mello, ST JOSEPH'S ENGINEERING COLLEGE, 1
INC25-6446, Deyon Savio Fernandes , ST JOSEPH'S ENGINEERING COLLEGE, 0
INC25-6469, Adithya, ST JOSEPH'S ENGINEERING COLLEGE, 0
INC25-6493, Riya Viona Barboza, ST JOSEPH'S ENGINEERING COLLEGE, 0
INC25-6516, Rakshan Rai, ST JOSEPH'S ENGINEERING COLLEGE, 0
INC25-6522, Venisha Snehal D'souza , ST JOSEPH'S ENGINEERING COLLEGE, 0
INC25-6699, THANISH SHETTY , ST JOSEPH'S ENGINEERING COLLEGE, 0
INC25-6781, Yashu Gowda, ST JOSEPH'S ENGINEERING COLLEGE, 0
INC25-6784, Preethesh Carvalho, ST JOSEPH'S ENGINEERING COLLEGE, 0
INC25-6951, Amshul rk, ST JOSEPH'S ENGINEERING COLLEGE, 0
INC25-7011, Shawn Lewis, ST JOSEPH'S ENGINEERING COLLEGE, 0
INC25-7052, Sanath K, ST JOSEPH'S ENGINEERING COLLEGE, 0
INC25-7111, Prakhyath, ST JOSEPH'S ENGINEERING COLLEGE, 0
INC25-7131, Prakhyath, ST JOSEPH'S ENGINEERING COLLEGE, 0
INC25-7132, Sapna Prakash, ST JOSEPH'S ENGINEERING COLLEGE, 0
INC25-7144, Pratham Shetty, ST JOSEPH'S ENGINEERING COLLEGE, 0
INC25-7239, Anvitha H N, ST JOSEPH'S ENGINEERING COLLEGE, 0
INC25-7251, Ayston Rodrigues , ST JOSEPH'S ENGINEERING COLLEGE, 0
INC25-7267, ayush kumar, ST JOSEPH'S ENGINEERING COLLEGE, 0
INC25-7456, Bhoomika, ST JOSEPH'S ENGINEERING COLLEGE, 0
INC25-7506, tushar anchan, ST JOSEPH'S ENGINEERING COLLEGE, 0
INC25-7550, Gagandeep GK Kottary, ST JOSEPH'S ENGINEERING COLLEGE, 1
INC25-7553, Sanman, ST JOSEPH'S ENGINEERING COLLEGE, 0
INC25-7554, Rishi Joseph , ST JOSEPH'S ENGINEERING COLLEGE, 0
INC25-7565, Rishi Joseph , ST JOSEPH'S ENGINEERING COLLEGE, 0
INC25-7578, B Panav Kaushal shetty, ST JOSEPH'S ENGINEERING COLLEGE, 0
INC25-7595, Chandana , ST JOSEPH'S ENGINEERING COLLEGE, 0
INC25-7597, devanjali s, ST JOSEPH'S ENGINEERING COLLEGE, 0
INC25-7599, Sharanya S Nath, ST JOSEPH'S ENGINEERING COLLEGE, 0
INC25-7601, Srishti, ST JOSEPH'S ENGINEERING COLLEGE, 0
INC25-7606, Devadath A, ST JOSEPH'S ENGINEERING COLLEGE, 0
INC25-7608, ayush kh, ST JOSEPH'S ENGINEERING COLLEGE, 0
INC25-7610, Sweedan Cardoza, ST JOSEPH'S ENGINEERING COLLEGE, 1
INC25-7615, Rylan , ST JOSEPH'S ENGINEERING COLLEGE, 0
INC25-7627, Ashton rego, ST JOSEPH'S ENGINEERING COLLEGE, 0
INC25-7630, Jaden, ST JOSEPH'S ENGINEERING COLLEGE, 1
INC25-7633, Ashton rego , ST JOSEPH'S ENGINEERING COLLEGE, 0
INC25-7662, P M Gowrav Ganapathy, ST JOSEPH'S ENGINEERING COLLEGE, 0
INC25-7684, VASISHT S RAO , ST JOSEPH'S ENGINEERING COLLEGE, 0
INC25-7695, Ananya , ST JOSEPH'S ENGINEERING COLLEGE, 1
INC25-7702, Shamitha K V , ST JOSEPH'S ENGINEERING COLLEGE, 1
INC25-7708, Sweedal Grace Pinto, ST JOSEPH'S ENGINEERING COLLEGE, 1
INC25-7721, Sinchana S Bajal, ST JOSEPH'S ENGINEERING COLLEGE, 1
INC25-7723, Leron, ST JOSEPH'S ENGINEERING COLLEGE, 0
INC25-7724, Vinutha D, ST JOSEPH'S ENGINEERING COLLEGE, 1
INC25-7726, Jeslin, ST JOSEPH'S ENGINEERING COLLEGE, 0
INC25-7736, Jeslin Ninora, ST JOSEPH'S ENGINEERING COLLEGE, 1
INC25-7810, Sabin.P.S, ST JOSEPH'S ENGINEERING COLLEGE, 0
INC25-7823, Suhas, ST JOSEPH'S ENGINEERING COLLEGE, 0
INC25-7857, Rithesh poojary , ST JOSEPH'S ENGINEERING COLLEGE, 0
INC25-7900, Elston Pereira, ST JOSEPH'S ENGINEERING COLLEGE, 0
INC25-7905, Akansha Sen , ST JOSEPH'S ENGINEERING COLLEGE, 0
INC25-7910, Denzil Pinto, ST JOSEPH'S ENGINEERING COLLEGE, 0
INC25-7912, Hrithik N H , ST JOSEPH'S ENGINEERING COLLEGE, 0
INC25-7914, Adithya C.S., ST JOSEPH'S ENGINEERING COLLEGE, 0
INC25-7921, Adviti Alva, ST JOSEPH'S ENGINEERING COLLEGE, 0
INC25-7929, Aditya sebastian kuttikat , ST JOSEPH'S ENGINEERING COLLEGE, 0
INC25-7954, Jonathan Ezekiels , ST JOSEPH'S ENGINEERING COLLEGE, 0
INC25-7968, Nikshith , ST JOSEPH'S ENGINEERING COLLEGE, 0
INC25-8022, NISHANTH, ST JOSEPH'S ENGINEERING COLLEGE, 0
INC25-8051, Shahid Kazi, ST JOSEPH'S ENGINEERING COLLEGE, 0
INC25-8057, Jayaram, ST JOSEPH'S ENGINEERING COLLEGE, 0
INC25-8070, Adarsh Dhananjaya k, ST JOSEPH'S ENGINEERING COLLEGE, 0
INC25-8071, Chaithanya k, ST JOSEPH'S ENGINEERING COLLEGE, 0
INC25-8083, Joshua Dsouza, ST JOSEPH'S ENGINEERING COLLEGE, 0
INC25-8107, Vikyath shetty , ST JOSEPH'S ENGINEERING COLLEGE, 0
INC25-8117, Yashraj shetty , ST JOSEPH'S ENGINEERING COLLEGE, 0
INC25-8126, Suptha Shetty , ST JOSEPH'S ENGINEERING COLLEGE, 0
INC25-8129, Yashraj shetty, ST JOSEPH'S ENGINEERING COLLEGE, 0
INC25-8174, Vivek Pavan, ST JOSEPH'S ENGINEERING COLLEGE, 0
INC25-8175, Mokshith p k, ST JOSEPH'S ENGINEERING COLLEGE, 0
