PID, User name, College Name, No. of events attended
INC25-0092, Arya, THE NATIONAL INSTITUTE OF ENGINEERING MANSNDAVADI  MYSORE, 2
INC25-0094, Mohammed Kazim Khan, THE NATIONAL INSTITUTE OF ENGINEERING MANSNDAVADI  MYSORE, 0
INC25-0973, Sreehari S H, THE NATIONAL INSTITUTE OF ENGINEERING MANSNDAVADI  MYSORE, 3
INC25-1200, Monisha R, THE NATIONAL INSTITUTE OF ENGINEERING MANSNDAVADI  MYSORE, 2
INC25-1201, M B Nishanth Aiyappa, THE NATIONAL INSTITUTE OF ENGINEERING MANSNDAVADI  MYSORE, 2
INC25-1271, Yana Seethamma N P, THE NATIONAL INSTITUTE OF ENGINEERING MANSNDAVADI  MYSORE, 3
INC25-1275, Nikitha H S, THE NATIONAL INSTITUTE OF ENGINEERING MANSNDAVADI  MYSORE, 2
INC25-1279, Nishkala, THE NATIONAL INSTITUTE OF ENGINEERING MANSNDAVADI  MYSORE, 3
INC25-1285, Uthappa, THE NATIONAL INSTITUTE OF ENGINEERING MANSNDAVADI  MYSORE, 2
INC25-1296, NIKHIL KM, THE NATIONAL INSTITUTE OF ENGINEERING MANSNDAVADI  MYSORE, 0
INC25-2911, Tarun Huralikuppi , THE NATIONAL INSTITUTE OF ENGINEERING MANSNDAVADI  MYSORE, 0
INC25-3209, Aditya, THE NATIONAL INSTITUTE OF ENGINEERING MANSNDAVADI  MYSORE, 0
INC25-5917, Tariq Azeez, THE NATIONAL INSTITUTE OF ENGINEERING MANSNDAVADI  MYSORE, 2
INC25-8179, Adithya Y , THE NATIONAL INSTITUTE OF ENGINEERING MANSNDAVADI  MYSORE, 0
