PID, User name, College Name, No. of events attended
INC25-0882, Ashwin, VIVEKANANDA COLLEGE OF ENGINEERING AND TECHNOLOGY  PUTTUR, 0
INC25-1012, Prafu, VIVEKANANDA COLLEGE OF ENGINEERING AND TECHNOLOGY  PUTTUR, 0
INC25-1073, Dhanush Kumar N , VIVEKANANDA COLLEGE OF ENGINEERING AND TECHNOLOGY  PUTTUR, 0
INC25-2436, Shamitha N, VIVEKANANDA COLLEGE OF ENGINEERING AND TECHNOLOGY  PUTTUR, 1
INC25-2442, Sathwik V Nayak, VIVEKANANDA COLLEGE OF ENGINEERING AND TECHNOLOGY  PUTTUR, 2
INC25-2497, Thashvi Rai K , VIVEKANANDA COLLEGE OF ENGINEERING AND TECHNOLOGY  PUTTUR, 1
INC25-2602, Sharanya Nayak, VIVEKANANDA COLLEGE OF ENGINEERING AND TECHNOLOGY  PUTTUR, 3
INC25-2620, Paavani K, VIVEKANANDA COLLEGE OF ENGINEERING AND TECHNOLOGY  PUTTUR, 1
INC25-2629, Shreya N S, VIVEKANANDA COLLEGE OF ENGINEERING AND TECHNOLOGY  PUTTUR, 1
INC25-2640, MEGHANA K N, VIVEKANANDA COLLEGE OF ENGINEERING AND TECHNOLOGY  PUTTUR, 1
INC25-2644, Vibhashree V Gowda , VIVEKANANDA COLLEGE OF ENGINEERING AND TECHNOLOGY  PUTTUR, 1
INC25-2657, Ananyalakshmi B, VIVEKANANDA COLLEGE OF ENGINEERING AND TECHNOLOGY  PUTTUR, 2
INC25-2665, Krithika , VIVEKANANDA COLLEGE OF ENGINEERING AND TECHNOLOGY  PUTTUR, 1
INC25-2666, Pranamya M, VIVEKANANDA COLLEGE OF ENGINEERING AND TECHNOLOGY  PUTTUR, 1
INC25-2667, Anjana B , VIVEKANANDA COLLEGE OF ENGINEERING AND TECHNOLOGY  PUTTUR, 1
INC25-2669, Arpitha Mk, VIVEKANANDA COLLEGE OF ENGINEERING AND TECHNOLOGY  PUTTUR, 0
INC25-2673, P Shreya Shetty, VIVEKANANDA COLLEGE OF ENGINEERING AND TECHNOLOGY  PUTTUR, 1
INC25-2682, VAISHNAVI C, VIVEKANANDA COLLEGE OF ENGINEERING AND TECHNOLOGY  PUTTUR, 1
INC25-2686, K VARSHA NAYAK, VIVEKANANDA COLLEGE OF ENGINEERING AND TECHNOLOGY  PUTTUR, 1
INC25-2688, Roshini M, VIVEKANANDA COLLEGE OF ENGINEERING AND TECHNOLOGY  PUTTUR, 1
INC25-2700, Thrisha Rai , VIVEKANANDA COLLEGE OF ENGINEERING AND TECHNOLOGY  PUTTUR, 1
INC25-2752, Preetham rao, VIVEKANANDA COLLEGE OF ENGINEERING AND TECHNOLOGY  PUTTUR, 2
INC25-2767, Deepasree.K, VIVEKANANDA COLLEGE OF ENGINEERING AND TECHNOLOGY  PUTTUR, 1
INC25-2796, Prakruthi G P, VIVEKANANDA COLLEGE OF ENGINEERING AND TECHNOLOGY  PUTTUR, 1
INC25-2934, Sumanth Sharma N R, VIVEKANANDA COLLEGE OF ENGINEERING AND TECHNOLOGY  PUTTUR, 2
INC25-2966, Vaishali, VIVEKANANDA COLLEGE OF ENGINEERING AND TECHNOLOGY  PUTTUR, 1
INC25-3022, Diganth shetty k, VIVEKANANDA COLLEGE OF ENGINEERING AND TECHNOLOGY  PUTTUR, 0
INC25-3063, Anwesh , VIVEKANANDA COLLEGE OF ENGINEERING AND TECHNOLOGY  PUTTUR, 0
INC25-3138, Sujeesh , VIVEKANANDA COLLEGE OF ENGINEERING AND TECHNOLOGY  PUTTUR, 1
INC25-3142, Mannith N Gowda , VIVEKANANDA COLLEGE OF ENGINEERING AND TECHNOLOGY  PUTTUR, 1
INC25-3164, Srinivas Hegde M, VIVEKANANDA COLLEGE OF ENGINEERING AND TECHNOLOGY  PUTTUR, 1
INC25-3170, Indiresha K I, VIVEKANANDA COLLEGE OF ENGINEERING AND TECHNOLOGY  PUTTUR, 0
INC25-3207, Sinchana_lakshmi, VIVEKANANDA COLLEGE OF ENGINEERING AND TECHNOLOGY  PUTTUR, 1
INC25-3400, Pratheek Shetty V, VIVEKANANDA COLLEGE OF ENGINEERING AND TECHNOLOGY  PUTTUR, 1
INC25-3439, Varshitha P Alva, VIVEKANANDA COLLEGE OF ENGINEERING AND TECHNOLOGY  PUTTUR, 1
INC25-3486, Yashas, VIVEKANANDA COLLEGE OF ENGINEERING AND TECHNOLOGY  PUTTUR, 0
INC25-3643, Thanvi Rai N, VIVEKANANDA COLLEGE OF ENGINEERING AND TECHNOLOGY  PUTTUR, 1
INC25-3745, Arpitha Mk, VIVEKANANDA COLLEGE OF ENGINEERING AND TECHNOLOGY  PUTTUR, 1
INC25-3889, Rahul T K, VIVEKANANDA COLLEGE OF ENGINEERING AND TECHNOLOGY  PUTTUR, 0
INC25-3964, Jagadeesha k, VIVEKANANDA COLLEGE OF ENGINEERING AND TECHNOLOGY  PUTTUR, 1
INC25-4189, Vivek K V , VIVEKANANDA COLLEGE OF ENGINEERING AND TECHNOLOGY  PUTTUR, 1
INC25-4320, Preethesh , VIVEKANANDA COLLEGE OF ENGINEERING AND TECHNOLOGY  PUTTUR, 0
INC25-4552, Thejaswi , VIVEKANANDA COLLEGE OF ENGINEERING AND TECHNOLOGY  PUTTUR, 0
INC25-4794, Shashank L N, VIVEKANANDA COLLEGE OF ENGINEERING AND TECHNOLOGY  PUTTUR, 0
INC25-5008, P J Jayasheel Rai, VIVEKANANDA COLLEGE OF ENGINEERING AND TECHNOLOGY  PUTTUR, 0
INC25-5018, Jayasheel Rai, VIVEKANANDA COLLEGE OF ENGINEERING AND TECHNOLOGY  PUTTUR, 0
INC25-5214, Shreyas, VIVEKANANDA COLLEGE OF ENGINEERING AND TECHNOLOGY  PUTTUR, 0
INC25-5546, Abhinandan A , VIVEKANANDA COLLEGE OF ENGINEERING AND TECHNOLOGY  PUTTUR, 0
INC25-5597, Sudeesh Shankar , VIVEKANANDA COLLEGE OF ENGINEERING AND TECHNOLOGY  PUTTUR, 0
INC25-5614, Pratham Ajeru, VIVEKANANDA COLLEGE OF ENGINEERING AND TECHNOLOGY  PUTTUR, 0
INC25-5615, Sudeesh , VIVEKANANDA COLLEGE OF ENGINEERING AND TECHNOLOGY  PUTTUR, 0
INC25-5621, Sudeesh, VIVEKANANDA COLLEGE OF ENGINEERING AND TECHNOLOGY  PUTTUR, 0
INC25-5624, PRADEEP, VIVEKANANDA COLLEGE OF ENGINEERING AND TECHNOLOGY  PUTTUR, 0
INC25-5630, Adarsha S P, VIVEKANANDA COLLEGE OF ENGINEERING AND TECHNOLOGY  PUTTUR, 0
INC25-6961, Daksha nilesh, VIVEKANANDA COLLEGE OF ENGINEERING AND TECHNOLOGY  PUTTUR, 0
INC25-6962, Sindhoora Sathish, VIVEKANANDA COLLEGE OF ENGINEERING AND TECHNOLOGY  PUTTUR, 0
INC25-6963, Sanketh, VIVEKANANDA COLLEGE OF ENGINEERING AND TECHNOLOGY  PUTTUR, 0
INC25-6969, Daksha nilesh, VIVEKANANDA COLLEGE OF ENGINEERING AND TECHNOLOGY  PUTTUR, 0
INC25-7219, Sathvik P, VIVEKANANDA COLLEGE OF ENGINEERING AND TECHNOLOGY  PUTTUR, 0
INC25-7225, Sathvik P , VIVEKANANDA COLLEGE OF ENGINEERING AND TECHNOLOGY  PUTTUR, 0
INC25-7618, Nisha Shetty A, VIVEKANANDA COLLEGE OF ENGINEERING AND TECHNOLOGY  PUTTUR, 0
INC25-7619, Shreelakshmi, VIVEKANANDA COLLEGE OF ENGINEERING AND TECHNOLOGY  PUTTUR, 0
INC25-7620, Deekshitha M, VIVEKANANDA COLLEGE OF ENGINEERING AND TECHNOLOGY  PUTTUR, 0
INC25-7624, Sathwik G Rai, VIVEKANANDA COLLEGE OF ENGINEERING AND TECHNOLOGY  PUTTUR, 0
INC25-7678, S Pradeesha , VIVEKANANDA COLLEGE OF ENGINEERING AND TECHNOLOGY  PUTTUR, 0
INC25-8122, Sameeksha R Kava, VIVEKANANDA COLLEGE OF ENGINEERING AND TECHNOLOGY  PUTTUR, 0
