PID, User name, College Name, No. of events attended
INC25-1053, Chloe , YENEPOYA INSTITUTE OF TECHNOLOGY, 0
INC25-1321, Anannya Sachin , YENEPOYA INSTITUTE OF TECHNOLOGY, 0
INC25-1322, Anannya Sachin, YENEPOYA INSTITUTE OF TECHNOLOGY, 0
INC25-1561, Anushka, YENEPOYA INSTITUTE OF TECHNOLOGY, 0
INC25-1636, sumaanjali, YENEPOYA INSTITUTE OF TECHNOLOGY, 0
INC25-3283, Deekshith Poojary, YENEPOYA INSTITUTE OF TECHNOLOGY, 3
INC25-4819, Sheldon Lobo , YENEPOYA INSTITUTE OF TECHNOLOGY, 0
INC25-5022, Swasthik, YENEPOYA INSTITUTE OF TECHNOLOGY, 3
INC25-5831, Deekshith , YENEPOYA INSTITUTE OF TECHNOLOGY, 3
INC25-5878, AKSHAY , YENEPOYA INSTITUTE OF TECHNOLOGY, 2
INC25-5892, Adithya s DEVADIGA, YENEPOYA INSTITUTE OF TECHNOLOGY, 0
INC25-5894, Pranay, YENEPOYA INSTITUTE OF TECHNOLOGY, 0
INC25-5909, Adithya s DEVADIGA, YENEPOYA INSTITUTE OF TECHNOLOGY, 3
INC25-5915, Pranay, YENEPOYA INSTITUTE OF TECHNOLOGY, 2
INC25-5976, Mohammed Yaseen, YENEPOYA INSTITUTE OF TECHNOLOGY, 0
INC25-6231, Grantha, YENEPOYA INSTITUTE OF TECHNOLOGY, 0
INC25-6236, Grantha, YENEPOYA INSTITUTE OF TECHNOLOGY, 0
INC25-6243, Grantha, YENEPOYA INSTITUTE OF TECHNOLOGY, 0
INC25-6297, Sharada, YENEPOYA INSTITUTE OF TECHNOLOGY, 0
INC25-6306, Dwithiksha Jain, YENEPOYA INSTITUTE OF TECHNOLOGY, 0
INC25-6308, Shodhan , YENEPOYA INSTITUTE OF TECHNOLOGY, 0
INC25-6355, shodhan, YENEPOYA INSTITUTE OF TECHNOLOGY, 0
INC25-6567, Ranjan, YENEPOYA INSTITUTE OF TECHNOLOGY, 0
INC25-6982, Suha, YENEPOYA INSTITUTE OF TECHNOLOGY, 0
INC25-7319, Vineeth Nihal Kotian, YENEPOYA INSTITUTE OF TECHNOLOGY, 0
INC25-7388, Vinayak , YENEPOYA INSTITUTE OF TECHNOLOGY, 0
INC25-7407, Vinayak Prabhu, YENEPOYA INSTITUTE OF TECHNOLOGY, 0
INC25-7421, Vinayak, YENEPOYA INSTITUTE OF TECHNOLOGY, 0
INC25-7483, Muzain, YENEPOYA INSTITUTE OF TECHNOLOGY, 0
INC25-7640, Riya , YENEPOYA INSTITUTE OF TECHNOLOGY, 0
INC25-8137, Mokshit, YENEPOYA INSTITUTE OF TECHNOLOGY, 0
INC25-8164, Rahiyan, YENEPOYA INSTITUTE OF TECHNOLOGY, 0
